X1,X2,X3,X4,X5,X6
0.5,0.193415638,0.979166667,0.5,0.182716049,0.977973568
0.8,0.261728395,0.975460123,0.7,0.239506173,0.976510067
0.5,0.195061728,0.979338843,0.4,0.162139918,0.980099502
0.8,0.21563786,0.97037037,0.7,0.16872428,0.966981132
1,0.209876543,0.962264151,1,0.185185185,0.957446809
0.8,0.175308642,0.963800905,0.7,0.15308642,0.96373057
0.9,0.151440329,0.953367876,0.9,0.126748971,0.944785276
0.6,0.18600823,0.974137931,0.6,0.158024691,0.96969697
0.8,0.178600823,0.964444444,0.8,0.140740741,0.955307263
0.7,0.198353909,0.971774194,0.6,0.176131687,0.972727273
0.6,0.205761317,0.9765625,0.6,0.187654321,0.974358974
0.8,0.198353909,0.967871486,0.8,0.176131687,0.963963964
0.8,0.204115226,0.96875,0.8,0.202469136,0.968503937
0.6,0.206584362,0.976653696,0.6,0.197530864,0.975609756
0.7,0.232921811,0.975862069,0.6,0.181069959,0.973451327
0.7,0.248559671,0.977346278,0.7,0.2,0.972
1,0.247736626,0.967845659,1,0.208230453,0.961977186
0.9,0.277366255,0.973988439,0.9,0.232098765,0.969072165
0.7,0.269135802,0.979041916,0.7,0.251028807,0.977564103
0.9,0.252674897,0.971518987,0.9,0.205761317,0.965250965
1,0.233744856,0.965986395,1,0.204938272,0.961389961
0.9,0.24526749,0.970684039,0.9,0.202469136,0.964705882
0.6,0.208230453,0.976833977,0.6,0.175308642,0.97260274
0.9,0.232098765,0.969072165,0.9,0.167078189,0.95754717
0.9,0.250205761,0.971246006,0.8,0.207407407,0.969230769
0.9,0.24691358,0.970873786,0.8,0.183539095,0.965367965
1,0.186831276,0.957805907,1,0.172839506,0.954545455
0.9,0.29382716,0.975409836,0.8,0.221399177,0.971119134
0.9,0.21563786,0.966789668,0.8,0.190946502,0.966666667
1,0.212345679,0.962686567,0.9,0.197530864,0.963855422
0.6,0.216460905,0.977695167,0.6,0.175308642,0.97260274
0.8,0.196707819,0.967611336,0.8,0.180246914,0.964757709
0.8,0.260082305,0.975308642,0.8,0.204938272,0.968871595
1,0.301234568,0.973404255,1,0.247736626,0.967845659
1,0.286419753,0.972067039,1,0.246090535,0.96763754
0.9,0.24526749,0.970684039,0.7,0.199176955,0.97188755
0.7,0.177777778,0.968609865,0.7,0.142386831,0.961111111
1,0.234567901,0.966101695,1,0.198353909,0.960159363
0.8,0.212345679,0.969924812,0.8,0.190946502,0.966666667
0.6,0.165432099,0.971014493,0.4,0.144855967,0.977777778
0.8,0.18600823,0.965811966,0.6,0.172016461,0.972093023
0.5,0.203292181,0.98015873,0.4,0.172016461,0.981220657
0.7,0.204938272,0.97265625,0.7,0.192592593,0.970954357
1,0.214814815,0.963099631,0.9,0.185185185,0.961538462
1,0.186831276,0.957805907,1,0.163786008,0.95215311
0.7,0.160493827,0.965346535,0.7,0.145679012,0.961956522
1,0.188477366,0.958158996,1,0.174485597,0.954954955
0.9,0.237860082,0.969798658,0.9,0.204938272,0.965116279
0.8,0.212345679,0.969924812,0.6,0.197530864,0.975609756
0.9,0.214814815,0.966666667,0.8,0.169547325,0.962616822
1,0.303703704,0.973614776,1,0.274897119,0.970930233
0.8,0.167901235,0.962264151,0.8,0.152263374,0.958549223
0.9,0.23127572,0.968965517,0.8,0.214814815,0.970260223
0.9,0.258436214,0.972136223,0.9,0.221399177,0.967625899
0.9,0.225514403,0.96819788,0.8,0.194238683,0.967213115
0.9,0.24691358,0.970873786,0.9,0.225514403,0.96819788
1,0.204115226,0.96124031,1,0.174485597,0.954954955
0.9,0.166255144,0.957345972,0.9,0.161316872,0.956097561
1,0.162962963,0.951923077,1,0.150617284,0.948186528
0.8,0.198353909,0.967871486,0.8,0.166255144,0.961904762
0.8,0.253497942,0.974683544,0.7,0.241975309,0.976744186
1,0.216460905,0.963369963,1,0.180246914,0.956331878
0.9,0.224691358,0.968085106,0.9,0.201646091,0.964566929
0.8,0.198353909,0.967871486,0.8,0.160493827,0.960591133
1,0.197530864,0.96,1,0.171193416,0.95412844
0.8,0.194238683,0.967213115,0.7,0.192592593,0.970954357
0.7,0.281481481,0.979942693,0.7,0.209876543,0.973282443
0.8,0.256790123,0.975,0.8,0.255144033,0.974842767
0.6,0.234567901,0.979381443,0.6,0.194238683,0.975206612
0.6,0.192592593,0.975,0.6,0.188477366,0.974468085
0.7,0.208230453,0.973076923,0.7,0.192592593,0.970954357
0.7,0.183539095,0.969565217,0.7,0.167078189,0.966666667
0.8,0.21399177,0.970149254,0.8,0.18436214,0.965517241
0.9,0.151440329,0.953367876,0.9,0.132510288,0.947058824
0.8,0.183539095,0.965367965,0.8,0.164609053,0.961538462
0.9,0.219753086,0.967391304,0.9,0.180246914,0.960526316
0.8,0.211522634,0.969811321,0.8,0.192592593,0.966942149
0.9,0.249382716,0.971153846,0.9,0.193415638,0.963114754
0.8,0.167078189,0.962085308,0.8,0.15473251,0.959183673
0.9,0.264197531,0.972727273,0.8,0.24526749,0.973856209
1,0.18436214,0.957264957,0.9,0.17037037,0.958333333
0.9,0.223868313,0.96797153,0.8,0.16872428,0.962441315
1,0.291358025,0.972527473,0.9,0.257613169,0.972049689
0.9,0.140740741,0.95,0.9,0.133333333,0.947368421
0.7,0.244444444,0.976973684,0.6,0.194238683,0.975206612
0.8,0.151440329,0.958333333,0.8,0.135802469,0.953757225
0.7,0.180246914,0.969026549,0.6,0.140740741,0.966101695
0.7,0.156378601,0.964467005,0.6,0.140740741,0.966101695
0.7,0.199176955,0.97188755,0.7,0.186831276,0.97008547
0.7,0.330041152,0.982843137,0.6,0.279012346,0.982608696
0.4,0.180246914,0.98206278,0.4,0.148148148,0.97826087
0.9,0.213168724,0.96641791,0.6,0.15473251,0.969072165
1,0.376131687,0.978586724,1,0.269958848,0.970414201
0.6,0.209053498,0.976923077,0.6,0.185185185,0.974025974
1,0.241975309,0.967105263,1,0.201646091,0.960784314
0.9,0.175308642,0.959459459,0.8,0.15308642,0.958762887
0.7,0.227160494,0.975265018,0.7,0.208230453,0.973076923
0.8,0.207407407,0.969230769,0.8,0.173662551,0.96347032
0.9,0.237037037,0.96969697,0.9,0.201646091,0.964566929
0.6,0.239506173,0.97979798,0.5,0.198353909,0.979674797
0.5,0.17037037,0.976415094,0.5,0.159670782,0.974874372
0.6,0.227983539,0.978798587,0.6,0.213168724,0.977358491
0.4,0.158024691,0.979591837,0.4,0.148148148,0.97826087
0.7,0.195884774,0.971428571,0.6,0.144032922,0.966850829
1,0.181069959,0.956521739,1,0.172016461,0.9543379
0.6,0.125925926,0.962264151,0.5,0.131687243,0.96969697
0.9,0.126748971,0.944785276,0.6,0.111111111,0.957446809
0.4,0.150617284,0.978609626,0.5,0.148148148,0.972972973
0.8,0.140740741,0.955307263,0.7,0.116049383,0.952702703
0.6,0.162139918,0.97044335,0.6,0.162139918,0.97044335
0.6,0.18600823,0.974137931,0.6,0.17037037,0.971830986
0.7,0.158024691,0.964824121,0.8,0.151440329,0.958333333
0.8,0.194238683,0.967213115,0.7,0.183539095,0.969565217
0.5,0.185185185,0.97826087,0.6,0.167901235,0.971428571
0.4,0.219753086,0.985239852,0.3,0.160493827,0.984848485
0.6,0.209053498,0.976923077,0.6,0.172839506,0.972222222
0.9,0.204115226,0.964980545,0.9,0.176954733,0.959821429
1,0.22962963,0.965397924,0.8,0.2,0.96812749
0.7,0.241975309,0.976744186,0.7,0.233744856,0.975945017
0.8,0.23127572,0.972318339,0.7,0.180246914,0.969026549
0.9,0.196707819,0.963709677,0.9,0.185185185,0.961538462
0.9,0.210699588,0.966037736,0.7,0.199176955,0.97188755
0.5,0.171193416,0.976525822,0.5,0.162962963,0.975369458
0.8,0.190123457,0.966527197,0.8,0.176954733,0.964125561
0.9,0.223868313,0.96797153,0.8,0.195061728,0.967346939
0.5,0.175308642,0.97706422,0.5,0.161316872,0.975124378
0.9,0.172016461,0.958715596,0.9,0.166255144,0.957345972
0.8,0.235390947,0.972789116,0.8,0.211522634,0.969811321
0.8,0.190123457,0.966527197,0.7,0.178600823,0.96875
0.8,0.190946502,0.966666667,0.8,0.182716049,0.965217391
0.5,0.164609053,0.975609756,0.5,0.158024691,0.974619289
0.7,0.181069959,0.969162996,0.6,0.166255144,0.971153846
0.7,0.2,0.972,0.7,0.191769547,0.970833333
1,0.220576132,0.964028777,0.9,0.208230453,0.965648855
0.8,0.26090535,0.975384615,0.9,0.240329218,0.970099668
0.5,0.199176955,0.979757085,0.6,0.191769547,0.974895397
0.5,0.140740741,0.971590909,0.6,0.122633745,0.961290323
1,0.2,0.960474308,0.9,0.192592593,0.962962963
0.8,0.189300412,0.966386555,0.7,0.167078189,0.966666667
0.4,0.148148148,0.97826087,0.4,0.13744856,0.976608187
0.6,0.160493827,0.970149254,0.6,0.163786008,0.970731707
0.4,0.171193416,0.981132075,0.4,0.151440329,0.978723404
0.4,0.17037037,0.981042654,0.2,0.166255144,0.990196078
0.7,0.190946502,0.970711297,0.6,0.157201646,0.969543147
0.8,0.158024691,0.96,0.9,0.148971193,0.952631579
0.7,0.13744856,0.959770115,0.5,0.12345679,0.967741935
0.9,0.167078189,0.95754717,0.8,0.143209877,0.956043956
0.7,0.195061728,0.971311475,0.6,0.178600823,0.97309417
0.6,0.18436214,0.973913043,0.6,0.181069959,0.973451327
0.9,0.188477366,0.962184874,0.8,0.159670782,0.96039604
1,0.275720165,0.971014493,1,0.248559671,0.967948718
0.6,0.144855967,0.967032967,0.6,0.13909465,0.965714286
0.8,0.191769547,0.966804979,0.7,0.198353909,0.971774194
0.9,0.223868313,0.96797153,0.8,0.209053498,0.969465649
0.8,0.214814815,0.970260223,0.7,0.18436214,0.96969697
0.7,0.212345679,0.973584906,0.9,0.214814815,0.966666667
0.9,0.149794239,0.952879581,0.8,0.156378601,0.95959596
0.9,0.15473251,0.954314721,0.9,0.162962963,0.956521739
0.9,0.138271605,0.949152542,0.8,0.138271605,0.954545455
0.8,0.164609053,0.961538462,0.8,0.148971193,0.957671958
0.7,0.222222222,0.974729242,0.5,0.218106996,0.981481481
0.9,0.209876543,0.965909091,0.9,0.167078189,0.95754717
0.7,0.174485597,0.96803653,0.7,0.169547325,0.96713615
0.7,0.15473251,0.964102564,0.7,0.140740741,0.960674157
1,0.183539095,0.957081545,1,0.15473251,0.949494949
0.6,0.160493827,0.970149254,0.5,0.174485597,0.976958525
0.7,0.244444444,0.976973684,0.7,0.2,0.972
0.7,0.235390947,0.976109215,0.7,0.244444444,0.976973684
0.5,0.203292181,0.98015873,0.6,0.175308642,0.97260274
0.5,0.153909465,0.973958333,0.6,0.172016461,0.972093023
0.4,0.155555556,0.979274611,0.7,0.155555556,0.964285714
0.7,0.166255144,0.966507177,0.7,0.167078189,0.966666667
0.8,0.197530864,0.967741935,0.7,0.177777778,0.968609865
0.9,0.138271605,0.949152542,0.9,0.136625514,0.948571429
0.8,0.159670782,0.96039604,0.9,0.152263374,0.953608247
0.7,0.177777778,0.968609865,0.7,0.147325103,0.962365591
0.6,0.174485597,0.972477064,0.6,0.176131687,0.972727273
0.7,0.193415638,0.97107438,0.6,0.164609053,0.970873786
0.8,0.15473251,0.959183673,0.7,0.144855967,0.961748634
0.7,0.236213992,0.976190476,0.7,0.22962963,0.975524476
0.8,0.160493827,0.960591133,0.8,0.164609053,0.961538462
0.8,0.181893004,0.965065502,0.8,0.169547325,0.962616822
0.8,0.232921811,0.972508591,0.8,0.235390947,0.972789116
0.6,0.124279835,0.961783439,0.7,0.125102881,0.955974843
0.5,0.2,0.97983871,0.5,0.156378601,0.974358974
0.7,0.138271605,0.96,0.5,0.105349794,0.962406015
0.5,0.153909465,0.973958333,0.4,0.136625514,0.976470588
0.6,0.139917695,0.965909091,0.5,0.125925926,0.96835443
0.7,0.189300412,0.970464135,0.6,0.17037037,0.971830986
0.6,0.274897119,0.982352941,0.6,0.254320988,0.980952381
0.4,0.147325103,0.978142077,0.4,0.126748971,0.974683544
0.5,0.176954733,0.977272727,0.4,0.125925926,0.974522293
1,0.279835391,0.971428571,1,0.256790123,0.968944099
0.7,0.187654321,0.970212766,0.6,0.158024691,0.96969697
0.8,0.201646091,0.968379447,0.7,0.173662551,0.967889908
0.6,0.147325103,0.967567568,0.6,0.149794239,0.968085106
0.6,0.198353909,0.975708502,0.6,0.182716049,0.973684211
0.8,0.18436214,0.965517241,0.8,0.182716049,0.965217391
0.8,0.202469136,0.968503937,0.7,0.18436214,0.96969697
0.4,0.175308642,0.98156682,0.3,0.181893004,0.986607143
0.4,0.130864198,0.975460123,0.5,0.152263374,0.973684211
0.5,0.190123457,0.978813559,0.6,0.201646091,0.976095618
0.3,0.105349794,0.977099237,0.3,0.09218107,0.973913043
0.6,0.148148148,0.967741935,0.5,0.13744856,0.970930233
0.8,0.145679012,0.956756757,0.8,0.162962963,0.961165049
0.5,0.088065844,0.955357143,0.4,0.09382716,0.966101695
0.6,0.103703704,0.954545455,0.5,0.095473251,0.958677686
0.4,0.118518519,0.972972973,0.4,0.12345679,0.974025974
0.7,0.119341564,0.953947368,0.5,0.118518519,0.966442953
0.4,0.125102881,0.974358974,0.4,0.129218107,0.97515528
0.3,0.162962963,0.985074627,0.3,0.152263374,0.984042553
0.6,0.126748971,0.9625,0.6,0.122633745,0.961290323
0.7,0.161316872,0.965517241,0.7,0.18436214,0.96969697
0.5,0.128395062,0.968944099,0.5,0.152263374,0.973684211
0.3,0.148971193,0.983695652,0.3,0.129218107,0.98125
0.7,0.159670782,0.965174129,0.6,0.179423868,0.973214286
0.7,0.139917695,0.960451977,0.7,0.15308642,0.96373057
0.8,0.192592593,0.966942149,0.8,0.206584362,0.969111969
0.4,0.185185185,0.982532751,0.5,0.211522634,0.980916031
0.6,0.197530864,0.975609756,0.3,0.15473251,0.984293194
0.7,0.147325103,0.962365591,0.7,0.155555556,0.964285714
0.6,0.172839506,0.972222222,0.7,0.182716049,0.969432314
0.4,0.130041152,0.975308642,0.4,0.141563786,0.977272727
0.8,0.13744856,0.954285714,0.7,0.171193416,0.96744186
0.8,0.199176955,0.968,0.6,0.142386831,0.966480447
0.4,0.125925926,0.974522293,0.3,0.134156379,0.981927711
0.8,0.153909465,0.958974359,0.9,0.165432099,0.957142857
0.7,0.185185185,0.969827586,0.5,0.171193416,0.976525822
0.4,0.139917695,0.977011494,0.5,0.127572016,0.96875
0.8,0.166255144,0.961904762,0.8,0.151440329,0.958333333
0.3,0.109465021,0.977941176,0.4,0.13744856,0.976608187
0.5,0.160493827,0.975,0.4,0.125925926,0.974522293
0.7,0.175308642,0.968181818,0.6,0.15308642,0.96875
0.8,0.169547325,0.962616822,0.9,0.203292181,0.96484375
0.7,0.239506173,0.976510067,0.7,0.210699588,0.97338403
0.4,0.158847737,0.979695431,0.5,0.175308642,0.97706422
0.4,0.097119342,0.967213115,0.3,0.088888889,0.972972973
0.9,0.148148148,0.952380952,0.9,0.174485597,0.959276018
0.7,0.159670782,0.965174129,0.5,0.146502058,0.972677596
0.4,0.1218107,0.973684211,0.3,0.113580247,0.978723404
0.4,0.130041152,0.975308642,0.6,0.133333333,0.964285714
0.3,0.110288066,0.97810219,0.4,0.148971193,0.978378378
0.1,0.115226337,0.992907801,0.3,0.147325103,0.983516484
0.5,0.162139918,0.975247525,0.7,0.158847737,0.965
0.6,0.108641975,0.956521739,0.7,0.102057613,0.946564885
0.4,0.10617284,0.969924812,0.5,0.114403292,0.965277778
0.8,0.135802469,0.953757225,0.9,0.13909465,0.949438202
0.6,0.153909465,0.968911917,0.6,0.160493827,0.970149254
0.5,0.151440329,0.973544974,0.4,0.176131687,0.981651376
0.8,0.148971193,0.957671958,0.9,0.15473251,0.954314721
1,0.214814815,0.963099631,0.9,0.230452675,0.968858131
0.4,0.116872428,0.97260274,0.4,0.13909465,0.976878613
0.4,0.150617284,0.978609626,0.7,0.169547325,0.96713615
0.8,0.203292181,0.968627451,0.8,0.196707819,0.967611336
0.5,0.159670782,0.974874372,0.7,0.175308642,0.968181818
0.5,0.173662551,0.976851852,0.5,0.209053498,0.980694981
0.7,0.104526749,0.947761194,0.6,0.135802469,0.964912281
0.8,0.125925926,0.950310559,0.8,0.152263374,0.958549223
0.6,0.109465021,0.956834532,0.6,0.115226337,0.95890411
0.7,0.126748971,0.956521739,0.6,0.119341564,0.960264901
0.4,0.173662551,0.981395349,0.5,0.204115226,0.980237154
0.8,0.178600823,0.964444444,0.8,0.162962963,0.961165049
0.5,0.128395062,0.968944099,0.6,0.160493827,0.970149254
0.6,0.133333333,0.964285714,0.7,0.141563786,0.960893855
1,0.158847737,0.950738916,1,0.159670782,0.950980392
0.3,0.147325103,0.983516484,0.3,0.172839506,0.985915493
0.6,0.193415638,0.975103734,0.6,0.209876543,0.977011494
0.7,0.204115226,0.97254902,0.7,0.232098765,0.975778547
0.5,0.163786008,0.975490196,0.5,0.176131687,0.97716895
0.5,0.114403292,0.965277778,0.5,0.146502058,0.972677596
0.3,0.109465021,0.977941176,0.7,0.140740741,0.960674157
0.6,0.144855967,0.967032967,0.7,0.146502058,0.962162162
0.4,0.158024691,0.979591837,0.4,0.17037037,0.981042654
0.9,0.116872428,0.940397351,0.8,0.133333333,0.952941176
0.7,0.125925926,0.95625,0.7,0.1218107,0.95483871
0.4,0.128395062,0.975,0.7,0.129218107,0.957317073
0.3,0.125925926,0.980769231,0.4,0.148971193,0.978378378
0.6,0.153909465,0.968911917,0.6,0.132510288,0.964071856
0.7,0.12345679,0.955414013,0.7,0.119341564,0.953947368
0.7,0.207407407,0.972972973,0.7,0.221399177,0.974637681
0.4,0.134979424,0.976190476,0.6,0.162139918,0.97044335
0.7,0.129218107,0.957317073,0.7,0.152263374,0.963541667
0.7,0.176954733,0.968468468,0.7,0.2,0.972
0.6,0.103703704,0.954545455,0.9,0.1218107,0.942675159
0.5,0.160493827,0.975,0.6,0.166255144,0.971153846
0.5,0.109465021,0.963768116,0.3,0.096296296,0.975
0.4,0.120987654,0.973509934,0.4,0.140740741,0.977142857
0.4,0.117695473,0.972789116,0.4,0.115226337,0.972222222
0.7,0.161316872,0.965517241,0.6,0.172016461,0.972093023
0.5,0.212345679,0.980988593,0.6,0.241152263,0.97993311
0.2,0.102057613,0.984126984,0.2,0.087242798,0.981481481
0.2,0.131687243,0.987654321,0.1,0.111111111,0.992647059
0.8,0.204115226,0.96875,0.9,0.247736626,0.970967742
0.6,0.158024691,0.96969697,0.6,0.136625514,0.965116279
0.2,0.122633745,0.986754967,0.5,0.129218107,0.969135802
0.3,0.113580247,0.978723404,0.4,0.146502058,0.978021978
0.5,0.167901235,0.976076555,0.6,0.192592593,0.975
0.8,0.158847737,0.960199005,0.8,0.172016461,0.963133641
0.7,0.16872428,0.966981132,0.6,0.16872428,0.971563981
0.5,0.114403292,0.965277778,0.3,0.167901235,0.985507246
0.2,0.087242798,0.981481481,0.4,0.079835391,0.96039604
0.3,0.125925926,0.980769231,0.3,0.183539095,0.986725664
0.2,0.06090535,0.973684211,0.2,0.039506173,0.96
0.4,0.080658436,0.960784314,0.3,0.065843621,0.963855422
0.6,0.083950617,0.944444444,0.6,0.079835391,0.941747573
0.3,0.042798354,0.945454545,0.4,0.09382716,0.966101695
0.5,0.079835391,0.950980392,0.4,0.0781893,0.95959596
0.2,0.071604938,0.97752809,0.4,0.085596708,0.962962963
0.2,0.054320988,0.970588235,0.3,0.06255144,0.962025316
0.4,0.056790123,0.945205479,0.5,0.139917695,0.971428571
0.2,0.105349794,0.984615385,0.3,0.124279835,0.980519481
0.5,0.065020576,0.94047619,0.5,0.130041152,0.969325153
0.4,0.120164609,0.973333333,0.5,0.144855967,0.972375691
0.5,0.068312757,0.943181818,0.6,0.085596708,0.945454545
0.3,0.074074074,0.967741935,0.3,0.063374486,0.9625
0.5,0.083950617,0.953271028,0.6,0.160493827,0.970149254
0.6,0.055967078,0.918918919,0.7,0.150617284,0.963157895
0.6,0.124279835,0.961783439,0.7,0.203292181,0.972440945
0.2,0.090534979,0.982142857,0.5,0.167901235,0.976076555
0.3,0.156378601,0.984455959,0.4,0.176954733,0.98173516
0.6,0.093004115,0.949579832,0.6,0.116872428,0.959459459
0.6,0.13744856,0.965317919,0.7,0.162139918,0.965686275
0.3,0.0781893,0.969387755,0.4,0.120164609,0.973333333
0.5,0.080658436,0.951456311,0.6,0.144855967,0.967032967
0.6,0.104526749,0.954887218,0.2,0.034567901,0.954545455
0.3,0.067489712,0.964705882,0.3,0.060082305,0.960526316
0.3,0.112757202,0.978571429,0.7,0.127572016,0.956790123
0.3,0.130864198,0.981481481,0.3,0.098765432,0.975609756
0.1,0.071604938,0.988636364,0.4,0.088065844,0.963963964
0.4,0.106995885,0.970149254,0.6,0.158024691,0.96969697
0.1,0.054320988,0.985074627,0.2,0.086419753,0.981308411
0.2,0.094650206,0.982905983,0.2,0.096296296,0.983193277
0.7,0.125102881,0.955974843,0.5,0.086419753,0.954545455
0.6,0.131687243,0.963855422,0.6,0.167901235,0.971428571
0.6,0.158847737,0.969849246,0.6,0.167078189,0.971291866
0.2,0.098765432,0.983606557,0.5,0.172016461,0.976635514
0.2,0.042798354,0.962962963,0.3,0.081481481,0.970588235
0.4,0.09218107,0.965517241,0.8,0.15473251,0.959183673
0.5,0.089711934,0.956140351,0.3,0.081481481,0.970588235
0.1,0.064197531,0.987341772,0,0.089711934,1
0.4,0.086419753,0.963302752,0.3,0.120164609,0.979865772
0.2,0.070781893,0.977272727,0.4,0.133333333,0.975903614
0.1,0.033744856,0.976190476,0.2,0.06090535,0.973684211
0.3,0.088888889,0.972972973,0.5,0.085596708,0.95412844
0.4,0.053497942,0.942028986,0.5,0.102057613,0.96124031
0.4,0.071604938,0.956043956,0.4,0.095473251,0.966666667
0.8,0.095473251,0.935483871,0.8,0.10781893,0.942446043
0.6,0.068312757,0.93258427,0.6,0.089711934,0.947826087
0.4,0.09218107,0.965517241,0.5,0.141563786,0.971751412
0.4,0.079835391,0.96039604,0.9,0.138271605,0.949152542
0.8,0.148148148,0.957446809,0.9,0.195061728,0.963414634
0.2,0.069958848,0.977011494,0.3,0.082304527,0.970873786
0.3,0.088065844,0.972727273,0.3,0.13909465,0.98255814
0.5,0.127572016,0.96875,0.7,0.146502058,0.962162162
0.3,0.111111111,0.97826087,0.6,0.172016461,0.972093023
0.3,0.138271605,0.98245614,0.5,0.196707819,0.979508197
0.4,0.064197531,0.951219512,0.5,0.069958848,0.944444444
0.5,0.077366255,0.949494949,0.7,0.134979424,0.959064327
0.5,0.065843621,0.941176471,0.5,0.077366255,0.949494949
0.5,0.077366255,0.949494949,0.6,0.080658436,0.942307692
0.3,0.090534979,0.973451327,0.3,0.193415638,0.987394958
0.8,0.103703704,0.940298507,0.8,0.116049383,0.946308725
0.4,0.093004115,0.965811966,0.6,0.176131687,0.972727273
0.3,0.0781893,0.969387755,0.5,0.142386831,0.971910112
0.7,0.086419753,0.9375,0.8,0.136625514,0.954022989
0.3,0.111111111,0.97826087,0.4,0.10781893,0.97037037
0.5,0.136625514,0.970760234,0.6,0.200823045,0.976
0.6,0.15473251,0.969072165,0.7,0.226337449,0.975177305
0.3,0.113580247,0.978723404,0.5,0.145679012,0.972527473
0.4,0.053497942,0.942028986,0.3,0.058436214,0.959459459
0.2,0.052674897,0.96969697,0.4,0.115226337,0.972222222
0.6,0.099588477,0.952755906,0.7,0.144032922,0.961538462
0.3,0.110288066,0.97810219,0.3,0.176131687,0.986175115
0.7,0.073251029,0.927083333,0.6,0.145679012,0.967213115
0.5,0.066666667,0.941860465,0.7,0.119341564,0.953947368
0.3,0.050205761,0.953125,0.4,0.097119342,0.967213115
0.2,0.083127572,0.980582524,0.1,0.037860082,0.978723404
0.5,0.119341564,0.966666667,0.4,0.10781893,0.97037037
0.6,0.07654321,0.939393939,0.6,0.102880658,0.954198473
0.7,0.130864198,0.957831325,0.7,0.185185185,0.969827586
0.1,0.075720165,0.989247312,0.6,0.158847737,0.969849246
0.6,0.072427984,0.936170213,0.6,0.085596708,0.945454545
0.7,0.081481481,0.933962264,0.7,0.147325103,0.962365591
0.5,0.066666667,0.941860465,0.3,0.042798354,0.945454545
0.3,0.088065844,0.972727273,0.7,0.162962963,0.965853659
0.4,0.071604938,0.956043956,0.3,0.079835391,0.97
0.2,0.083127572,0.980582524,0.3,0.047736626,0.950819672
0.4,0.083950617,0.962264151,0.3,0.068312757,0.965116279
0.3,0.109465021,0.977941176,0.6,0.174485597,0.972477064
0.2,0.149794239,0.989130435,0.3,0.236213992,0.989655172
0.2,0.049382716,0.967741935,0.2,0.074897119,0.978494624
0,0.093004115,1,0,0.017283951,1
0.7,0.113580247,0.951724138,0.8,0.224691358,0.971530249
0.4,0.110288066,0.971014493,0.5,0.117695473,0.966216216
0,0.064197531,1,0.1,0.063374486,0.987179487
0.2,0.057613169,0.972222222,0.2,0.04526749,0.964912281
0.6,0.111111111,0.957446809,0.6,0.126748971,0.9625
0.5,0.118518519,0.966442953,0.6,0.127572016,0.962732919
0.5,0.09382716,0.957983193,0.7,0.13909465,0.960227273
0.2,0.048559671,0.967213115,0.3,0.126748971,0.98089172
0.825,0.237361531,0.993048241,0.8,0.201863041,0.992081168
0.8,0.206495468,0.99225744,0.725,0.185146022,0.992174852
0.825,0.220946626,0.992535625,0.8,0.200453172,0.992025916
0.775,0.212789527,0.992717876,0.675,0.186706949,0.992771084
0.9,0.270342397,0.9933395,0.9,0.240281974,0.992512479
0.8,0.228700906,0.993003935,0.775,0.214551863,0.99277726
0.925,0.222155086,0.991683524,0.875,0.209566969,0.99166071
0.825,0.225377644,0.992681304,0.75,0.204934542,0.992682927
0.6,0.214853978,0.994406898,0.575,0.187462236,0.993860117
0.875,0.20775428,0.99158856,0.85,0.181067472,0.990633609
0.85,0.2224572,0.992362983,0.8,0.204934542,0.992198927
0.925,0.201359517,0.990832507,0.925,0.186958711,0.990133333
0.825,0.212789527,0.992251702,0.825,0.202719033,0.991869919
0.825,0.210070493,0.9921522,0.8,0.195468278,0.991824221
0.7,0.204934542,0.993167399,0.7,0.189728097,0.992623815
0.925,0.19164149,0.990372105,0.9,0.173363545,0.989652199
0.7,0.23141994,0.993944637,0.675,0.20835851,0.993517407
0.925,0.227995972,0.991894852,0.775,0.202870091,0.992364532
0.875,0.245871098,0.992883286,0.825,0.220040282,0.99250511
0.875,0.216868077,0.991939199,0.85,0.194612286,0.991279815
0.925,0.240332326,0.992307692,0.925,0.217270896,0.991498162
0.925,0.208257805,0.991133477,0.925,0.18836858,0.990206458
0.875,0.206596173,0.991541808,0.85,0.192396777,0.991180285
0.725,0.212084592,0.99316199,0.725,0.195216516,0.992575525
0.8,0.224320242,0.992868286,0.75,0.203121853,0.99261811
0.675,0.187260826,0.992792312,0.6,0.168630413,0.992884672
0.925,0.203222558,0.990915787,0.9,0.179405841,0.989997221
0.775,0.209063444,0.992589051,0.75,0.191540785,0.992175274
0.8,0.198338369,0.991941576,0.775,0.183333333,0.991557734
0.875,0.231520645,0.9924455,0.875,0.21143001,0.991733585
0.7,0.207200403,0.993241612,0.7,0.18469285,0.992424242
0.875,0.2112286,0.991725768,0.875,0.186052367,0.990616622
0.925,0.217119839,0.991492297,0.875,0.196173212,0.991096413
0.85,0.228700906,0.99256993,0.825,0.207905337,0.99207112
0.9,0.232729104,0.992271361,0.75,0.209617321,0.992845218
0.7,0.201107754,0.993038289,0.7,0.186203424,0.992485239
0.875,0.206143001,0.991523371,0.85,0.185800604,0.990870032
0.75,0.196374622,0.992366412,0.75,0.181923464,0.991765029
0.825,0.245015106,0.993263931,0.75,0.215558912,0.993041058
0.925,0.246626385,0.992502533,0.875,0.219335347,0.992029151
0.85,0.205589124,0.991741559,0.8,0.186656596,0.991441562
0.7,0.174572004,0.991988555,0.675,0.160020141,0.991575663
0.775,0.200503525,0.992275106,0.75,0.188922457,0.992067689
0.8,0.225981873,0.992920354,0.725,0.214853978,0.993249534
0.925,0.235951662,0.992165996,0.925,0.214602216,0.991393347
0.925,0.224219537,0.991759465,0.9,0.202467271,0.991126448
0.775,0.230563948,0.993275488,0.75,0.21203424,0.992926197
0.75,0.202064451,0.992579767,0.725,0.186354481,0.992225201
0.8,0.241893253,0.993382961,0.775,0.219083585,0.992925605
0.85,0.242296073,0.992983904,0.825,0.224018127,0.992637216
0.825,0.244360524,0.993246009,0.825,0.216918429,0.992398065
0.9,0.247532729,0.99273021,0.875,0.228096677,0.992332968
0.925,0.228499496,0.991912568,0.925,0.201510574,0.990839317
0.8,0.270996979,0.994089398,0.7,0.233131923,0.993988836
0.825,0.168177241,0.990216425,0.825,0.156445116,0.989490446
0.9,0.227844914,0.992106994,0.875,0.206394763,0.991533624
0.8,0.225931521,0.992918787,0.775,0.203222558,0.992377674
0.675,0.204632427,0.993400147,0.625,0.18796576,0.993347525
0.75,0.217975831,0.993117688,0.7,0.195568983,0.992842536
0.875,0.218126888,0.991985345,0.8,0.202014099,0.992087043
0.875,0.206898288,0.991554054,0.8,0.189274924,0.991558955
0.825,0.203222558,0.991889899,0.775,0.18529708,0.991646456
0.95,0.226485398,0.991622575,0.925,0.205337362,0.991008505
0.9,0.216012085,0.991678225,0.85,0.201107754,0.991559086
0.85,0.244310171,0.993041343,0.85,0.219033233,0.992244526
0.875,0.216314199,0.991918725,0.875,0.198590131,0.99120382
0.825,0.213997986,0.99229512,0.725,0.195468278,0.992585017
0.9,0.2387714,0.992465467,0.875,0.217875126,0.991976158
0.825,0.193001007,0.991464046,0.75,0.181621349,0.991751443
0.9,0.219536757,0.991810737,0.85,0.195971803,0.991339786
0.8,0.220745217,0.992753623,0.775,0.200302115,0.992267398
0.9,0.214652568,0.99162596,0.9,0.192145015,0.990654206
0.725,0.233182276,0.993776824,0.65,0.212386707,0.993873704
0.9,0.227643505,0.992100066,0.9,0.209566969,0.991424488
0.85,0.20407855,0.99168094,0.825,0.179657603,0.990835879
0.625,0.212185297,0.994102383,0.575,0.184239678,0.993753395
0.775,0.232578046,0.993333333,0.75,0.203524673,0.992632613
0.875,0.228046324,0.992331288,0.825,0.208257805,0.992084433
0.875,0.219486405,0.992034593,0.875,0.205186304,0.991484185
0.9,0.271097684,0.993357934,0.825,0.244712991,0.993255671
0.725,0.21470292,0.993244817,0.7,0.196827795,0.992887986
0.95,0.252014099,0.992464803,0.875,0.226233635,0.992270318
0.825,0.220140987,0.992508513,0.8,0.201208459,0.992055611
0.775,0.23408862,0.993376068,0.75,0.215810675,0.99304912
0.8,0.235498489,0.993204502,0.8,0.208106747,0.992316927
0.775,0.217573011,0.992876838,0.725,0.189073515,0.992336152
0.9,0.232024169,0.992248062,0.85,0.209869084,0.991908615
0.875,0.270191339,0.993519719,0.775,0.238016113,0.993484657
0.825,0.224118832,0.9926405,0.75,0.20327291,0.992623555
0.875,0.241943605,0.992768595,0.825,0.21858006,0.992455418
0.775,0.194813696,0.992051282,0.775,0.178801611,0.991345617
0.7,0.203121853,0.993106844,0.65,0.186304129,0.993022008
0.8,0.197482377,0.99190693,0.725,0.180463243,0.991973429
0.8,0.206042296,0.992240543,0.75,0.1806143,0.991705834
0.95,0.222306143,0.991466427,0.9,0.209013092,0.991401958
0.925,0.210070493,0.991209313,0.925,0.193856999,0.990481091
0.8,0.215609265,0.99258229,0.75,0.199446123,0.992483087
0.8,0.245166163,0.99347072,0.75,0.221752266,0.9932341
0.75,0.244864048,0.993868792,0.7,0.211983887,0.99339311
0.825,0.202215509,0.991849839,0.8,0.185649547,0.991395536
0.725,0.215659617,0.993274583,0.7,0.192598187,0.992732935
0.675,0.177190332,0.992385787,0.6,0.166565962,0.992797119
0.575,0.182275932,0.993686522,0.7,0.180513595,0.992250208
0.55,0.181923464,0.99394773,0.55,0.172054381,0.993602792
0.825,0.245065458,0.993265306,0.8,0.213343404,0.992504099
0.725,0.194712991,0.992556468,0.7,0.190634441,0.992658626
0.8,0.201007049,0.992047714,0.8,0.196978852,0.99188641
0.65,0.192497482,0.993244999,0.525,0.180463243,0.994174757
0.5,0.176384693,0.99432302,0.5,0.159818731,0.993738259
0.75,0.174622356,0.991423671,0.775,0.160473313,0.990366687
0.7,0.195871098,0.992853497,0.675,0.189526687,0.992877869
0.8,0.177039275,0.990980834,0.8,0.163595166,0.990246876
0.825,0.195871098,0.99158807,0.7,0.190835851,0.992666317
0.625,0.180110775,0.993059411,0.675,0.179204431,0.992470719
0.675,0.174723061,0.992279096,0.6,0.168479355,0.992878338
0.75,0.159969789,0.990645463,0.7,0.155186304,0.990996785
0.65,0.19652568,0.99338254,0.65,0.191943605,0.993225638
0.725,0.214451158,0.99323694,0.7,0.195317221,0.992833376
0.725,0.206445116,0.992976508,0.75,0.193605237,0.992258065
0.825,0.182829809,0.99099345,0.775,0.17653575,0.99123551
0.9,0.221097684,0.991868082,0.875,0.211883182,0.991751119
0.825,0.186555891,0.99117175,0.775,0.178549849,0.99133352
0.75,0.18141994,0.991742362,0.7,0.166465257,0.99160168
0.65,0.186153072,0.993016385,0.6,0.16898288,0.992899408
0.675,0.19264854,0.992992473,0.7,0.188217523,0.992565056
0.575,0.158056395,0.992726123,0.575,0.150352467,0.992356265
0.85,0.175276939,0.990327169,0.8,0.164350453,0.990291262
0.7,0.183081571,0.992358079,0.625,0.169234642,0.992616657
0.7,0.17713998,0.992103779,0.65,0.168932528,0.992309967
0.75,0.202769386,0.992605373,0.75,0.18469285,0.991887507
0.625,0.175881168,0.99289369,0.625,0.172507553,0.992755723
0.85,0.180866062,0.990623276,0.825,0.168831823,0.990253987
0.8,0.19672709,0.991876111,0.75,0.173967774,0.991391679
0.7,0.205991944,0.993202234,0.7,0.197935549,0.992927507
0.7,0.197784491,0.992922144,0.675,0.18796576,0.992819149
0.625,0.169939577,0.992647059,0.575,0.169335347,0.993207324
0.775,0.16591138,0.990679495,0.75,0.166012085,0.990982867
0.675,0.170191339,0.992075139,0.675,0.160976838,0.99162531
0.725,0.208912387,0.99305888,0.725,0.198136959,0.992684157
0.8,0.21858006,0.992682369,0.725,0.204380665,0.992906067
0.725,0.177442095,0.991837883,0.7,0.171903323,0.991865195
0.575,0.151963746,0.992436698,0.55,0.143756294,0.992353146
0.675,0.174320242,0.992261393,0.675,0.173011078,0.992203292
0.625,0.1918429,0.993481095,0.625,0.183786506,0.993197279
0.925,0.210271903,0.99121766,0.925,0.197482377,0.990654206
0.825,0.199848943,0.991754123,0.75,0.186656596,0.99197217
0.725,0.20755287,0.993013732,0.725,0.202567976,0.99284304
0.7,0.172557905,0.991895803,0.65,0.162134945,0.991990142
0.65,0.212537764,0.993878032,0.7,0.205941591,0.993200583
0.675,0.217019134,0.993774499,0.625,0.199345418,0.9937249
0.8,0.216515609,0.992613112,0.8,0.204934542,0.992198927
0.875,0.219486405,0.992034593,0.825,0.217220544,0.992408558
0.875,0.198992951,0.99122147,0.75,0.186555891,0.991967871
0.725,0.242497482,0.994014448,0.7,0.21878147,0.993597073
0.775,0.143403827,0.989232372,0.725,0.139425982,0.989635454
0.85,0.208862034,0.991869919,0.825,0.194662638,0.991536291
0.775,0.205941591,0.992477554,0.7,0.189828802,0.992627699
0.625,0.174219537,0.992826399,0.5,0.165609265,0.993955878
0.775,0.204128902,0.992411261,0.7,0.188670695,0.992582781
0.725,0.194410876,0.992544987,0.7,0.186052367,0.992479183
0.7,0.183836858,0.992389236,0.65,0.174823766,0.992567181
0.7,0.173011078,0.991916859,0.7,0.169889225,0.991769547
0.9,0.200654582,0.991047003,0.9,0.189073515,0.990503825
0.8,0.192346425,0.991692627,0.825,0.188116818,0.991244362
0.8,0.224823766,0.992884145,0.8,0.195820745,0.991838817
0.775,0.189123867,0.991814101,0.775,0.182930514,0.991539301
0.625,0.186757301,0.993304767,0.65,0.178650554,0.992725238
0.85,0.214803625,0.992093023,0.85,0.209566969,0.991897045
0.65,0.167673716,0.992252682,0.65,0.171097684,0.992406542
0.775,0.192799597,0.991968912,0.775,0.182225579,0.991506849
0.75,0.194662638,0.992299795,0.75,0.187915408,0.992025518
0.675,0.181671702,0.992572215,0.75,0.177794562,0.9915754
0.525,0.205991944,0.994892996,0.525,0.189375629,0.994447382
0.825,0.195015106,0.991551459,0.775,0.19592145,0.992095869
0.7,0.182376636,0.992328767,0.625,0.155639476,0.991976893
0.55,0.171097684,0.993567251,0.5,0.163846928,0.993891265
0.725,0.202416918,0.992837738,0.575,0.175427996,0.993441688
0.85,0.208106747,0.991840653,0.725,0.193856999,0.992523846
0.775,0.194159114,0.992024698,0.775,0.187260826,0.991733333
0.7,0.241742195,0.994201698,0.675,0.220896274,0.993883099
0.65,0.191691843,0.993216801,0.625,0.182829809,0.993161926
0.825,0.212839879,0.992253521,0.825,0.206394763,0.992013553
0.675,0.18408862,0.99266902,0.675,0.182930514,0.992622951
0.7,0.206596173,0.99322198,0.725,0.200654582,0.992775286
0.625,0.197129909,0.993654822,0.65,0.194914401,0.993328201
0.65,0.177844914,0.992692524,0.6,0.156646526,0.992344498
0.825,0.211983887,0.992222484,0.825,0.193353474,0.991479473
0.725,0.232376636,0.993755383,0.75,0.217019134,0.993087558
0.775,0.192598187,0.991960581,0.7,0.181570997,0.992294992
0.725,0.20835851,0.993040557,0.7,0.202567976,0.993088126
0.7,0.169284995,0.991740413,0.775,0.164753273,0.990614593
0.675,0.174169184,0.992254733,0.625,0.175830816,0.992891669
0.6,0.172507553,0.993043478,0.65,0.169486405,0.992334906
0.675,0.176787513,0.99236857,0.7,0.171550856,0.991848617
0.725,0.200755287,0.992778884,0.85,0.194864048,0.991290984
0.85,0.179758308,0.990566038,0.85,0.177391742,0.990441383
0.6,0.186908359,0.993576017,0.55,0.176384693,0.993758865
0.7,0.205135952,0.993174061,0.625,0.201762336,0.993799603
0.7,0.208408862,0.993280538,0.7,0.184793555,0.99242834
0.65,0.164350453,0.992097264,0.725,0.159566969,0.990931832
0.65,0.185448137,0.992990024,0.6,0.179405841,0.993309172
0.55,0.132829809,0.991729323,0.55,0.15367573,0.992843201
0.35,0.119536757,0.994137353,0.4,0.144461229,0.994454073
0.425,0.146626385,0.994195971,0.5,0.160120846,0.99375
0.75,0.221299094,0.993220339,0.7,0.204330312,0.993147332
0.525,0.154833837,0.993217054,0.625,0.175931521,0.992895709
0.625,0.160171198,0.992202121,0.7,0.177744209,0.99213041
0.375,0.150906344,0.99501992,0.45,0.168680765,0.994655582
0.45,0.124572004,0.992776886,0.475,0.128952669,0.992635659
0.7,0.135397784,0.989694516,0.75,0.140382679,0.989354152
0.525,0.156747231,0.993299298,0.5,0.168731118,0.994067042
0.625,0.146022155,0.991452991,0.6,0.150755287,0.992047714
0.6,0.16998993,0.992941176,0.625,0.174219537,0.992826399
0.5,0.144310171,0.993069993,0.525,0.151208459,0.993055556
0.5,0.130161128,0.992322457,0.575,0.149194361,0.992297388
0.625,0.125579053,0.990075427,0.6,0.132225579,0.990943396
0.5,0.154380665,0.993519119,0.6,0.176384693,0.99319535
0.675,0.18121853,0.992553778,0.625,0.183786506,0.993197279
0.6,0.159415911,0.992476489,0.725,0.183232628,0.992093784
0.65,0.148338369,0.991251682,0.675,0.166414904,0.991896759
0.775,0.186304129,0.991691236,0.75,0.196072508,0.99235474
0.675,0.156344411,0.99137931,0.7,0.169687815,0.991759859
0.575,0.150453172,0.992361342,0.6,0.163444109,0.99266055
0.55,0.151409869,0.992736877,0.55,0.150251762,0.992681304
0.475,0.154682779,0.993853122,0.475,0.169536757,0.994388659
0.525,0.123766365,0.991528842,0.525,0.125276939,0.991630132
0.725,0.148388721,0.990255376,0.75,0.143605237,0.989590562
0.525,0.147331319,0.992874109,0.575,0.147482377,0.992208672
0.575,0.148841893,0.992279288,0.625,0.163091641,0.992340686
0.575,0.15448137,0.992559042,0.575,0.152920443,0.99248366
0.45,0.139425982,0.993541442,0.55,0.162990937,0.993249463
0.75,0.147935549,0.989892183,0.775,0.147935549,0.989558774
0.7,0.173564955,0.991942446,0.65,0.167321249,0.992236489
0.625,0.179103726,0.993020659,0.575,0.170493454,0.993253153
0.45,0.152215509,0.994080894,0.55,0.17366566,0.993661769
0.5,0.137613293,0.992735198,0.6,0.159214502,0.992467043
0.625,0.128197382,0.990276157,0.65,0.140080564,0.990740741
0.55,0.134441088,0.991827637,0.675,0.150654582,0.991056641
0.6,0.15835851,0.992426633,0.65,0.177693857,0.992686357
0.6,0.176686808,0.993206906,0.675,0.184743202,0.992694805
0.55,0.145820745,0.992460589,0.65,0.162688822,0.992017194
0.425,0.123111782,0.993095045,0.45,0.124169184,0.992753623
0.525,0.140584089,0.992534661,0.65,0.160221551,0.991895262
0.6,0.14551863,0.991763898,0.575,0.171047331,0.993274854
0.775,0.185196375,0.991641952,0.825,0.194209466,0.99151671
0.625,0.169436052,0.992625369,0.725,0.175579053,0.991751991
0.625,0.174018127,0.992818156,0.6,0.174521652,0.993123209
0.575,0.13081571,0.991224723,0.55,0.13509567,0.991866913
0.625,0.175881168,0.99289369,0.65,0.18449144,0.99295393
0.6,0.182779456,0.993431856,0.575,0.186807654,0.993838736
0.7,0.169939577,0.991771966,0.7,0.193856999,0.992779783
0.625,0.189677744,0.993407173,0.75,0.198237664,0.99243761
0.75,0.163796576,0.990862016,0.7,0.166213494,0.991589066
0.675,0.202567976,0.993333333,0.675,0.209617321,0.993556086
0.575,0.111329305,0.989704566,0.55,0.127995972,0.991419657
0.7,0.183131923,0.992360164,0.725,0.175377644,0.991742597
0.625,0.173564955,0.992799539,0.625,0.176586103,0.992921857
0.425,0.141339376,0.99398017,0.4,0.148086606,0.994589111
0.625,0.176384693,0.992913832,0.625,0.182024169,0.993131868
0.55,0.164300101,0.993302892,0.6,0.167925478,0.992855016
0.525,0.153021148,0.993137255,0.525,0.17286002,0.993920093
0.475,0.132628399,0.992838296,0.625,0.156092649,0.992
0.75,0.160674723,0.990686122,0.6,0.146827795,0.991836735
0.75,0.168026183,0.991089991,0.75,0.166717019,0.991020652
0.725,0.197482377,0.992660086,0.675,0.183937563,0.992663043
0.65,0.150805639,0.991393578,0.675,0.148036254,0.990899899
0.5,0.151510574,0.993397161,0.575,0.166414904,0.993088942
0.675,0.183232628,0.992635025,0.725,0.18408862,0.992130258
0.475,0.134038268,0.992913092,0.55,0.161178248,0.993174061
0.525,0.154984894,0.993223621,0.65,0.153826788,0.991561181
0.55,0.15694864,0.992991399,0.65,0.182779456,0.992888403
0.6,0.139476334,0.991410165,0.65,0.161983887,0.991982732
0.5,0.164048338,0.993898719,0.4,0.16858006,0.995243757
0.6,0.155689829,0.992297818,0.625,0.173564955,0.992799539
0.5,0.145065458,0.993105826,0.55,0.142749245,0.992299615
0.475,0.125025176,0.992406075,0.5,0.148992951,0.993286338
0.65,0.170443102,0.992377602,0.55,0.153726083,0.992845528
0.65,0.185498489,0.992991914,0.55,0.16978852,0.993517973
0.5,0.158559919,0.993688861,0.6,0.169838872,0.992934943
0.575,0.193957704,0.994064516,0.575,0.199144008,0.9942182
0.525,0.160422961,0.993451824,0.55,0.170795569,0.993555946
0.625,0.169284995,0.992618837,0.675,0.175176234,0.992298916
0.45,0.140231621,0.993578309,0.65,0.170191339,0.992366412
0.575,0.162890232,0.992940454,0.65,0.186656596,0.993035092
0.425,0.152467271,0.994417077,0.675,0.183232628,0.992635025
0.45,0.13529708,0.993345656,0.525,0.139879154,0.99249732
0.725,0.173716012,0.991664271,0.75,0.175478348,0.991465149
0.675,0.188318228,0.992832493,0.625,0.195065458,0.9935881
0.7,0.165961732,0.991576414,0.65,0.169738167,0.992346188
0.525,0.174622356,0.993981083,0.575,0.169889225,0.99322932
0.55,0.138066465,0.992040521,0.725,0.141943605,0.989817416
0.55,0.13509567,0.991866913,0.55,0.144561934,0.992395437
0.45,0.13836858,0.993492408,0.6,0.145417925,0.991758242
0.55,0.134944612,0.991857883,0.675,0.159415911,0.991544003
0.75,0.169838872,0.991184249,0.725,0.171047331,0.991535318
0.725,0.137411883,0.989485134,0.775,0.159919436,0.990333645
0.425,0.144108761,0.994095172,0.425,0.156193353,0.994549535
0.525,0.161480363,0.993494424,0.475,0.184138973,0.994831338
0.625,0.164350453,0.992398905,0.575,0.165558912,0.993053458
0.5,0.116968781,0.991463935,0.575,0.147985901,0.992234976
0.525,0.1306143,0.991969407,0.55,0.164048338,0.993292683
0.325,0.075176234,0.991367862,0.35,0.114853978,0.993899782
0.25,0.052416918,0.990485252,0.275,0.103071501,0.994655005
0.25,0.092346425,0.994577007,0.475,0.13816717,0.993123417
0.6,0.169637462,0.992926614,0.6,0.201460222,0.994037267
0.375,0.08856999,0.991544532,0.5,0.142145015,0.992965178
0.375,0.101661631,0.992625369,0.425,0.118277946,0.992814877
0.375,0.08529708,0.991222937,0.375,0.087713998,0.991462721
0.35,0.06082578,0.988543372,0.4,0.086958711,0.990820425
0.55,0.085397784,0.987194412,0.625,0.101258812,0.987721022
0.4,0.086404834,0.990762125,0.525,0.157301108,0.993322734
0.425,0.090533736,0.990633609,0.45,0.125125881,0.99280863
0.525,0.123766365,0.991528842,0.6,0.173564955,0.993085566
0.3,0.073766365,0.991875423,0.475,0.124773414,0.992390869
0.325,0.068328298,0.990510949,0.375,0.082628399,0.990942029
0.55,0.074823766,0.985411141,0.575,0.092900302,0.987687366
0.375,0.08816717,0.991506229,0.45,0.133937563,0.993278566
0.5,0.122406848,0.991840065,0.575,0.140433031,0.991820768
0.475,0.087814703,0.989222915,0.675,0.17326284,0.992214533
0.475,0.087009063,0.989124213,0.5,0.105589124,0.990552669
0.575,0.127089627,0.990969768,0.625,0.158056395,0.992098609
0.45,0.105991944,0.991521432,0.525,0.138670695,0.992432432
0.45,0.096223565,0.99066874,0.425,0.101661631,0.991650295
0.325,0.09632427,0.99325026,0.525,0.117421954,0.991075223
0.3,0.087311178,0.993127148,0.375,0.16898288,0.995550282
0.4,0.069284995,0.988505747,0.525,0.093001007,0.98875803
0.6,0.103524673,0.988461538,0.6,0.121097684,0.990119391
0.375,0.094763343,0.992092778,0.4,0.107905337,0.992589162
0.5,0.100453172,0.990074442,0.55,0.125176234,0.99122807
0.35,0.087865055,0.992040932,0.4,0.09305136,0.991416309
0.3,0.078952669,0.992405063,0.475,0.13001007,0.992695117
0.625,0.097230614,0.987218814,0.725,0.108610272,0.98673376
0.475,0.118731118,0.992006731,0.4,0.130513595,0.993865031
0.475,0.113695871,0.991655687,0.55,0.163997986,0.993290637
0.3,0.084592145,0.992907801,0.4,0.111732125,0.992841163
0.375,0.089325277,0.991615428,0.4,0.096928499,0.991756826
0.425,0.082326284,0.989709443,0.45,0.099345418,0.990959317
0.45,0.077240685,0.988402062,0.55,0.113041289,0.990295545
0.4,0.08897281,0.99102636,0.55,0.133685801,0.991781845
0.5,0.108811682,0.990829895,0.55,0.184239678,0.994023363
0.375,0.094310171,0.992055085,0.575,0.129204431,0.991116261
0.35,0.067623364,0.989683125,0.35,0.084843907,0.991759859
0.475,0.087462236,0.989179954,0.525,0.105135952,0.990042674
0.325,0.082326284,0.99211165,0.525,0.130664653,0.991972477
0.575,0.123564955,0.990714574,0.775,0.186757301,0.99171123
0.45,0.117824773,0.992366412,0.45,0.136203424,0.993389644
0.375,0.117119839,0.993592482,0.475,0.131168177,0.992759146
0.425,0.081067472,0.989551321,0.475,0.104531722,0.990930788
0.475,0.11163142,0.991502683,0.475,0.138217523,0.993125904
0.5,0.125125881,0.992015968,0.5,0.160271903,0.993755854
0.525,0.10694864,0.99020979,0.675,0.175679758,0.992320819
0.325,0.134944612,0.99517267,0.575,0.174471299,0.993405963
0.575,0.102014099,0.988775012,0.6,0.125327291,0.990449662
0.55,0.143806647,0.992355803,0.55,0.164652568,0.993317132
0.375,0.066666667,0.98879761,0.475,0.094310171,0.989957717
0.525,0.133282981,0.992128936,0.525,0.16591138,0.993667069
0.45,0.117019134,0.992314261,0.525,0.149899295,0.99299533
0.25,0.088519637,0.994343891,0.3,0.110171198,0.994545455
0.475,0.123363545,0.992304577,0.625,0.15060423,0.991710875
0.4,0.112084592,0.992863515,0.475,0.123413897,0.992307692
0.375,0.101762336,0.992632613,0.5,0.147683787,0.993227227
0.35,0.076888218,0.99091499,0.475,0.109466264,0.991336069
0.475,0.106042296,0.991058824,0.425,0.100855992,0.991584158
0.55,0.11183283,0.990191708,0.725,0.165055388,0.991230723
0.5,0.140735146,0.992895204,0.5,0.132880161,0.992478375
0.575,0.092296073,0.987607759,0.5,0.103977845,0.990407674
0.425,0.093353474,0.99091395,0.5,0.130261833,0.992328347
0.475,0.144360524,0.993416493,0.65,0.194864048,0.993326489
0.4,0.082678751,0.990349819,0.45,0.140785498,0.993603412
0.425,0.101158107,0.991609082,0.475,0.113393756,0.991633642
0.45,0.10060423,0.991071429,0.55,0.174320242,0.993685419
0.45,0.09305136,0.990353698,0.525,0.124118832,0.991552695
0.375,0.098892246,0.992420414,0.3,0.11163142,0.99461642
0.45,0.08449144,0.989386792,0.5,0.130513595,0.992343032
0.375,0.091691843,0.991830065,0.55,0.104330312,0.989493792
0.325,0.065659617,0.990129081,0.35,0.089828802,0.992213571
0.5,0.125427996,0.992035046,0.425,0.109013092,0.992208983
0.45,0.132527694,0.993207547,0.525,0.160725076,0.993464052
0.375,0.102215509,0.992665037,0.425,0.118731118,0.992842105
0.425,0.11998993,0.992916667,0.5,0.170493454,0.994128009
0.4,0.109617321,0.992704058,0.5,0.16223565,0.993830969
0.425,0.097180262,0.991268618,0.625,0.171903323,0.992730445
0.375,0.077240685,0.990316333,0.5,0.129456193,0.992280973
0.5,0.103977845,0.990407674,0.625,0.178600201,0.99300112
0.35,0.090332326,0.992256637,0.55,0.178449144,0.993830623
0.3,0.065961732,0.990922844,0.4,0.104783484,0.992370052
0.7,0.115055388,0.987894509,0.725,0.170040282,0.991485614
0.525,0.117220544,0.991060026,0.675,0.182527694,0.992606791
0.525,0.112839879,0.99071618,0.625,0.160120846,0.992199688
0.425,0.106495468,0.992026266,0.475,0.155891239,0.993900482
0.425,0.093705942,0.990947817,0.5,0.110322256,0.990954319
0.375,0.074874119,0.990013316,0.475,0.14224572,0.993319269
0.375,0.081117825,0.990774908,0.475,0.108509567,0.99126035
0.25,0.073967774,0.993238675,0.6,0.151913394,0.992107859
0.5,0.115458207,0.991353221,0.65,0.163444109,0.99205379
0.575,0.082779456,0.986202759,0.65,0.125125881,0.98964556
0.2,0.082980866,0.995169082,0.25,0.085146022,0.994121105
0.375,0.097532729,0.992315574,0.4,0.124974824,0.993594876
0.475,0.093504532,0.989872068,0.525,0.121097684,0.991343776
0.375,0.067019134,0.988855869,0.45,0.093001007,0.990348525
0.8,0.206249499,0.996897902,0.75,0.191480144,0.99686756
0.84,0.207501003,0.996762881,0.74,0.188945046,0.996867857
0.81,0.210469314,0.996922025,0.75,0.185302848,0.996763475
0.76,0.232755716,0.997387329,0.71,0.208985158,0.99728188
0.86,0.235467308,0.997078507,0.79,0.210188528,0.996993797
0.76,0.204540714,0.997027999,0.71,0.187982351,0.996979109
0.91,0.239823506,0.996965149,0.88,0.216173285,0.99674484
0.86,0.208592058,0.996703339,0.79,0.190734055,0.996688186
0.74,0.206762936,0.997136998,0.71,0.183786602,0.996910357
0.84,0.222559166,0.996981241,0.83,0.203297232,0.996735368
0.85,0.225447252,0.996984425,0.82,0.20279984,0.996766689
0.89,0.23505014,0.996971553,0.82,0.210958684,0.996891349
0.86,0.226401925,0.996961882,0.86,0.20009627,0.996563848
0.86,0.204725231,0.996641281,0.84,0.186650622,0.99640257
0.78,0.215531488,0.997105107,0.71,0.192827918,0.997054797
0.87,0.217127958,0.996795816,0.85,0.198058564,0.996568845
0.83,0.211833133,0.996866506,0.75,0.189779382,0.996839577
0.91,0.21241075,0.996574827,0.84,0.197625351,0.996601667
0.83,0.213261131,0.996887422,0.79,0.193862816,0.996741462
0.81,0.202454874,0.996800569,0.79,0.189362214,0.996664274
0.89,0.241684717,0.997054443,0.86,0.214464501,0.996793318
0.85,0.215956679,0.996852318,0.82,0.194279984,0.996625376
0.89,0.231287605,0.996922439,0.87,0.208319294,0.996660781
0.81,0.223048536,0.997095108,0.79,0.202390694,0.996878334
0.76,0.213967108,0.99715856,0.73,0.194993983,0.99700562
0.75,0.198178901,0.996973121,0.69,0.175250702,0.996851328
0.75,0.203850782,0.997057092,0.71,0.18651424,0.996955403
0.84,0.208463698,0.996777782,0.8,0.195651825,0.996730423
0.9,0.21078219,0.996586254,0.88,0.192892098,0.99635339
0.82,0.212354593,0.99691172,0.76,0.194681107,0.996877953
0.84,0.203802647,0.996704331,0.81,0.188487766,0.996564303
0.85,0.231977537,0.997069067,0.8,0.214352186,0.997014814
0.94,0.231801043,0.996757279,0.9,0.21198556,0.996605567
0.84,0.224869635,0.997012165,0.83,0.197352587,0.996637362
0.85,0.212033694,0.996794267,0.82,0.189987966,0.996549402
0.88,0.207645407,0.996611605,0.83,0.192819896,0.996558587
0.82,0.223521861,0.99706556,0.78,0.20423586,0.996945489
0.85,0.225318893,0.996982713,0.81,0.201965503,0.996792841
0.88,0.207661452,0.996611866,0.84,0.189225832,0.996451354
0.81,0.201949458,0.996792587,0.79,0.188006418,0.996640299
0.84,0.210236663,0.996804869,0.79,0.187501003,0.996631274
0.71,0.211961492,0.997319946,0.65,0.18921781,0.997251702
0.9,0.215844364,0.996666049,0.88,0.196542318,0.996420873
0.78,0.195643803,0.996811772,0.73,0.177352587,0.996708747
0.93,0.223369434,0.996670962,0.92,0.20746089,0.996454994
0.92,0.246730846,0.997017538,0.91,0.221018853,0.996707789
0.89,0.214568793,0.996683436,0.84,0.195916566,0.996572128
0.83,0.225952667,0.997061739,0.77,0.203184918,0.996968981
0.77,0.238427597,0.997415847,0.73,0.214681107,0.997279469
0.78,0.214223827,0.997087487,0.74,0.192988367,0.996933278
0.84,0.235756117,0.99714974,0.77,0.21566787,0.997143917
0.8,0.224131568,0.997144693,0.8,0.202984356,0.99684816
0.86,0.20097874,0.996578885,0.83,0.187300441,0.996457533
0.83,0.219566787,0.996976541,0.79,0.193750501,0.996739579
0.77,0.226738869,0.997282992,0.72,0.197071801,0.997077566
0.91,0.235868432,0.996914417,0.84,0.208022463,0.996770969
0.88,0.228896911,0.996925227,0.85,0.209386282,0.996753867
0.82,0.196454071,0.996662597,0.79,0.178692339,0.996465799
0.85,0.220232651,0.996913244,0.83,0.203561974,0.9967396
0.93,0.225495387,0.996702245,0.9,0.204829523,0.996487394
0.87,0.203690333,0.996585155,0.81,0.184043321,0.996481626
0.83,0.225334938,0.997053708,0.79,0.206690734,0.996943079
0.83,0.216438026,0.996932969,0.82,0.204195748,0.996788721
0.89,0.229691135,0.996901114,0.88,0.212001604,0.996680999
0.91,0.229618933,0.996830704,0.88,0.216325712,0.996747126
0.89,0.224476534,0.996829355,0.85,0.203987164,0.996668235
0.76,0.219077417,0.997224657,0.66,0.19729643,0.997323492
0.88,0.210365022,0.996655264,0.84,0.195523466,0.99656526
0.81,0.199061372,0.996746204,0.75,0.189386282,0.996833038
0.83,0.235948656,0.997185868,0.77,0.210709988,0.997076911
0.86,0.229265945,0.996999721,0.82,0.210501404,0.996884617
0.89,0.2422142,0.997060863,0.84,0.218178901,0.996920821
0.77,0.21139992,0.997086423,0.74,0.195988769,0.996980085
0.9,0.239061372,0.996988859,0.87,0.218563979,0.996816801
0.84,0.229859607,0.997076837,0.79,0.214023265,0.997047502
0.81,0.200465303,0.996768918,0.78,0.175218612,0.996441443
0.83,0.194921781,0.99659557,0.8,0.184604894,0.996535447
0.86,0.207549138,0.996686828,0.82,0.186490172,0.996484911
0.82,0.23680706,0.99722973,0.77,0.208872844,0.997051277
0.83,0.216991576,0.996940769,0.82,0.196606498,0.996665175
0.87,0.218572002,0.996816918,0.83,0.198764541,0.996661169
0.84,0.212972323,0.996845781,0.78,0.194809467,0.996798161
0.83,0.253333333,0.997378478,0.77,0.221572403,0.997219815
0.73,0.21612515,0.997297597,0.7,0.194865624,0.997126437
0.87,0.223481749,0.99688663,0.78,0.210661853,0.997038387
0.87,0.203000401,0.996573589,0.85,0.186658644,0.996360055
0.88,0.213156839,0.996698927,0.86,0.198884878,0.996542992
0.84,0.204171681,0.996710269,0.8,0.184540714,0.996534246
0.88,0.20918572,0.996636471,0.87,0.191560369,0.996369706
0.9,0.23397513,0.996923603,0.87,0.214368231,0.9967547
0.84,0.202470919,0.996682726,0.84,0.184251905,0.996355906
0.85,0.21182511,0.996791121,0.8,0.197617329,0.996762837
0.79,0.199261933,0.996829474,0.76,0.182141998,0.99666374
0.77,0.223168873,0.997239649,0.73,0.190862415,0.996940999
0.83,0.232178099,0.997140298,0.82,0.20807862,0.996848457
0.83,0.210252708,0.996843026,0.79,0.189867629,0.996673124
0.84,0.199767349,0.996637983,0.78,0.187404733,0.996672071
0.83,0.215844364,0.996924559,0.8,0.198387485,0.996775364
0.8,0.205832331,0.996891635,0.76,0.188977136,0.996784022
0.83,0.209971921,0.996838818,0.78,0.188070598,0.996683814
0.71,0.182125953,0.996882273,0.7,0.174969916,0.996800731
0.65,0.170774168,0.996955789,0.67,0.166867228,0.996789189
0.68,0.181131167,0.996997262,0.67,0.177336542,0.996978171
0.62,0.196734858,0.997478137,0.6,0.189434416,0.997465467
0.67,0.200866426,0.997331209,0.69,0.19087846,0.997108373
0.63,0.172394705,0.997076837,0.6,0.166490172,0.997117186
0.79,0.213172884,0.997035759,0.75,0.198154834,0.996972755
0.73,0.18003209,0.996757573,0.7,0.167372643,0.996655998
0.69,0.186321701,0.997037864,0.64,0.171536302,0.997015761
0.72,0.1918572,0.996998374,0.67,0.176638588,0.996966267
0.66,0.196060971,0.997306672,0.72,0.188463698,0.996944492
0.79,0.211744886,0.997015827,0.71,0.19091055,0.997025306
0.75,0.19234657,0.996881627,0.72,0.178395507,0.996772603
0.73,0.160794224,0.996371048,0.68,0.158812675,0.996576722
0.68,0.185479342,0.997067449,0.65,0.178620136,0.997089118
0.65,0.181452066,0.997134418,0.63,0.173590052,0.997096908
0.73,0.189602888,0.996920741,0.64,0.171897312,0.997022009
0.76,0.18921781,0.996788099,0.72,0.181066988,0.996820069
0.77,0.184628961,0.996665367,0.72,0.172386683,0.996660482
0.71,0.178283193,0.996815287,0.69,0.174761332,0.996842539
0.81,0.217063779,0.997015255,0.8,0.203080626,0.99684965
0.75,0.185631769,0.996769191,0.74,0.171672684,0.996553812
0.75,0.199302046,0.996990128,0.79,0.196197353,0.99678011
0.69,0.193156839,0.997142384,0.7,0.1918572,0.997081509
0.61,0.174231849,0.997199137,0.6,0.170766145,0.997189169
0.63,0.164452467,0.996936096,0.61,0.155651825,0.996865848
0.61,0.177633373,0.997252624,0.62,0.173092659,0.99713467
0.7,0.179895708,0.996888059,0.67,0.178178901,0.996992414
0.83,0.195956679,0.996613489,0.82,0.180296831,0.996364604
0.67,0.18543923,0.997109827,0.62,0.17241075,0.99712337
0.7,0.175122343,0.996803507,0.63,0.166177296,0.996967801
0.73,0.199318091,0.997070391,0.73,0.192611312,0.99696869
0.86,0.209442439,0.99671668,0.83,0.193734456,0.996574777
0.74,0.198764541,0.997022133,0.74,0.18107501,0.99673217
0.76,0.188070598,0.99676857,0.73,0.174777377,0.996660414
0.69,0.168102688,0.99671788,0.65,0.166129162,0.996870938
0.63,0.186257521,0.997293814,0.63,0.18055355,0.99720856
0.77,0.200352988,0.99692627,0.76,0.186955475,0.996749358
0.76,0.185455275,0.996723149,0.68,0.169474529,0.996791393
0.71,0.179165664,0.996830923,0.74,0.176141195,0.996640944
0.71,0.182984356,0.996896853,0.72,0.173574007,0.99668325
0.52,0.177561171,0.997656074,0.53,0.170677898,0.997515004
0.74,0.184420377,0.996791258,0.76,0.179037304,0.996606082
0.59,0.16159647,0.997079497,0.56,0.158916968,0.997180972
0.82,0.193822704,0.996617441,0.89,0.195499398,0.996361109
0.83,0.21830726,0.99695915,0.8,0.208680305,0.996933926
0.74,0.189843562,0.996882635,0.72,0.16755716,0.996564558
0.67,0.181797032,0.997052094,0.68,0.181347774,0.997000838
0.68,0.203971119,0.997332601,0.63,0.194600882,0.997409539
0.62,0.185094264,0.997319962,0.62,0.178724428,0.997224709
0.62,0.200681909,0.997527615,0.61,0.190886482,0.997442884
0.73,0.196325712,0.997025871,0.73,0.186008825,0.99686143
0.81,0.177071801,0.99634361,0.76,0.172226233,0.996472336
0.65,0.181708785,0.997138455,0.67,0.173477738,0.996911161
0.64,0.192362615,0.997337992,0.59,0.17361412,0.997281106
0.81,0.207982351,0.996885334,0.8,0.194079422,0.996704021
0.76,0.201845166,0.996988429,0.71,0.19136783,0.997032393
0.68,0.163666266,0.996677903,0.69,0.153108704,0.996397619
0.75,0.194448456,0.996915231,0.68,0.191070999,0.997153025
0.87,0.196373847,0.996458376,0.86,0.189081428,0.996364405
0.74,0.181604493,0.996741667,0.68,0.164869635,0.996702071
0.71,0.19726434,0.997120843,0.7,0.190421179,0.997059565
0.76,0.189458484,0.996792166,0.76,0.184612916,0.996708247
0.84,0.20215002,0.996677478,0.81,0.196277577,0.996700208
0.82,0.20970718,0.996872855,0.75,0.189618933,0.996836911
0.71,0.190950662,0.997025929,0.77,0.1859286,0.996688599
0.64,0.18746089,0.997268576,0.58,0.175427196,0.997354618
0.74,0.189715203,0.996880533,0.73,0.182358604,0.996798807
0.68,0.179494585,0.996969967,0.6,0.172803851,0.997222222
0.75,0.209570798,0.997137186,0.73,0.194504613,0.996998108
0.75,0.205246691,0.997077049,0.72,0.195748095,0.997057862
0.79,0.212892098,0.997031861,0.78,0.204404332,0.996947999
0.75,0.196486161,0.996947124,0.7,0.181179302,0.996910038
0.84,0.214929803,0.996874419,0.79,0.205583634,0.996926668
0.81,0.213349378,0.996963449,0.79,0.205431207,0.996924395
0.67,0.162125953,0.996695601,0.65,0.142519053,0.996354459
0.69,0.16325712,0.996620794,0.65,0.160441235,0.996760367
0.73,0.185848375,0.996858729,0.71,0.177432812,0.996800072
0.74,0.215186522,0.997248764,0.69,0.194857601,0.997167255
0.74,0.191207381,0.996904802,0.72,0.181411953,0.996826097
0.73,0.179887686,0.996754979,0.73,0.16863217,0.996539136
0.76,0.187316486,0.996755603,0.69,0.174737264,0.996842105
0.71,0.221837144,0.99743895,0.66,0.202567188,0.997392953
0.63,0.183738468,0.997256814,0.59,0.173662254,0.997281858
0.7,0.200569595,0.997207929,0.73,0.200858404,0.997092792
0.7,0.170445247,0.996716082,0.64,0.158676294,0.996774681
0.76,0.186337746,0.996738617,0.73,0.18374649,0.99682291
0.67,0.176871239,0.996970245,0.7,0.169827517,0.996704176
0.82,0.18983554,0.996546641,0.81,0.180657842,0.996415929
0.82,0.210268753,0.996881181,0.8,0.197537104,0.996761527
0.79,0.173341356,0.996357097,0.8,0.176381869,0.996374513
0.75,0.187974328,0.996809325,0.73,0.182494986,0.996801192
0.72,0.17775371,0.996760988,0.73,0.170116326,0.996569226
0.7,0.193044525,0.997099407,0.66,0.176237465,0.997004629
0.75,0.200641797,0.997010165,0.7,0.193469715,0.997105764
0.71,0.187332531,0.996968662,0.74,0.182390694,0.996755667
0.74,0.176470116,0.996647184,0.73,0.171343763,0.996593719
0.77,0.195972724,0.996857784,0.68,0.183425592,0.997034711
0.68,0.175322904,0.996898093,0.65,0.173702367,0.997006953
0.74,0.179061372,0.996695543,0.65,0.169378259,0.996930777
0.63,0.147693542,0.996589617,0.61,0.143674288,0.996605454
0.57,0.129105495,0.996470588,0.57,0.15127156,0.9969862
0.57,0.152956278,0.997019296,0.66,0.171046931,0.996914013
0.49,0.153172884,0.997440184,0.47,0.162623345,0.99768678
0.51,0.16048937,0.99745712,0.52,0.167918171,0.997521803
0.5,0.133758524,0.997010106,0.54,0.146867228,0.997058984
0.64,0.172033694,0.997024363,0.7,0.185824308,0.996987044
0.57,0.140304854,0.996751396,0.62,0.153943041,0.996779388
0.61,0.159566787,0.996942509,0.52,0.136365824,0.996950147
0.54,0.156895307,0.997246443,0.49,0.144588849,0.997288623
0.58,0.158154834,0.997066559,0.61,0.166610509,0.997071391
0.62,0.174536703,0.99715831,0.55,0.167083835,0.997366153
0.64,0.15026073,0.996594658,0.62,0.155507421,0.996811684
0.51,0.110926594,0.996325119,0.59,0.140497393,0.996642386
0.55,0.15022864,0.997071508,0.54,0.151488167,0.99714844
0.5,0.134873646,0.997034753,0.51,0.15625351,0.997388365
0.56,0.160898516,0.997215593,0.57,0.158588047,0.997124842
0.6,0.158002407,0.996962794,0.61,0.169610911,0.997123049
0.63,0.147966306,0.996595883,0.69,0.150180505,0.996327639
0.55,0.146016847,0.996987292,0.59,0.146257521,0.996774194
0.67,0.184083434,0.997088602,0.72,0.191038909,0.996985556
0.64,0.144829523,0.996467406,0.67,0.14319294,0.996260326
0.65,0.166129162,0.996870938,0.64,0.170950662,0.997005568
0.51,0.153662254,0.997344442,0.65,0.180930606,0.997126183
0.41,0.131079021,0.997496947,0.41,0.13625351,0.997591777
0.49,0.125126354,0.996868209,0.48,0.128054553,0.997001874
0.5,0.136630566,0.997072771,0.56,0.163465704,0.997259201
0.55,0.141636582,0.99689441,0.61,0.162238267,0.996992704
0.75,0.168929001,0.99645088,0.66,0.16657842,0.996831493
0.55,0.149795427,0.997063064,0.54,0.156855195,0.997245741
0.56,0.139927798,0.996799634,0.55,0.146169274,0.996990424
0.58,0.154849579,0.997004132,0.67,0.175563578,0.996947747
0.7,0.1777858,0.996851244,0.7,0.178499799,0.996863799
0.63,0.168896911,0.99701648,0.62,0.151776976,0.996733576
0.62,0.157031689,0.996842534,0.64,0.165816286,0.996913134
0.52,0.124572804,0.996662388,0.59,0.146458083,0.996778597
0.51,0.145816286,0.997201953,0.53,0.157144003,0.997301563
0.65,0.164340152,0.996836983,0.7,0.175491376,0.996810207
0.61,0.143898917,0.996610735,0.57,0.126562375,0.996399924
0.52,0.147484958,0.997179432,0.54,0.148383474,0.997088949
0.55,0.141813077,0.996898263,0.64,0.157256318,0.996745652
0.41,0.135996791,0.997587242,0.47,0.15560369,0.997582678
0.67,0.146145207,0.996335594,0.62,0.147870036,0.996647561
0.44,0.11843562,0.997028432,0.42,0.130734055,0.997429306
0.65,0.149434416,0.996522577,0.73,0.17996791,0.996756421
0.72,0.184107501,0.996872421,0.73,0.19563578,0.997015414
0.6,0.159013237,0.996982043,0.64,0.158523867,0.99677159
0.55,0.138154834,0.996816393,0.6,0.16494986,0.997090345
0.54,0.165046129,0.997382072,0.55,0.172137986,0.997443287
0.5,0.144083434,0.997223765,0.56,0.167356598,0.997322752
0.47,0.156101083,0.997590361,0.47,0.158315283,0.997623983
0.55,0.160513438,0.997258635,0.61,0.171207381,0.997149799
0.69,0.146955475,0.996247349,0.7,0.162527076,0.996556643
0.46,0.135483353,0.997283572,0.58,0.158459687,0.997072186
0.51,0.143489771,0.997156715,0.53,0.154320096,0.99725232
0.7,0.178219013,0.996858874,0.68,0.160008022,0.996602209
0.6,0.163505816,0.997064723,0.59,0.178499799,0.997355327
0.54,0.12430004,0.996526884,0.58,0.144797433,0.996796819
0.61,0.162503008,0.996997588,0.57,0.165399118,0.997242914
0.71,0.161379864,0.996482885,0.78,0.179061372,0.996517546
0.63,0.14709988,0.996575901,0.59,0.152851986,0.996912934
0.63,0.155659848,0.996763588,0.65,0.176526274,0.997054692
0.65,0.154849579,0.996643775,0.59,0.171688728,0.997250699
0.68,0.1740714,0.996875861,0.69,0.186851183,0.997046233
0.65,0.17898917,0.997095102,0.62,0.172105897,0.99711829
0.57,0.150870437,0.996978211,0.63,0.160962696,0.996869876
0.47,0.146923385,0.997440227,0.46,0.14758925,0.997505829
0.66,0.163521861,0.996772458,0.68,0.17290012,0.996854764
0.57,0.154015243,0.99703973,0.53,0.142511031,0.997025313
0.59,0.175483353,0.99730999,0.67,0.186562375,0.997127176
0.63,0.169947854,0.997034876,0.63,0.16166065,0.996883348
0.6,0.176718813,0.997283593,0.65,0.17290012,0.996993107
0.65,0.168295227,0.996911087,0.62,0.170693943,0.997094522
0.71,0.184083434,0.996915323,0.77,0.198138789,0.996892028
0.7,0.187998396,0.997021784,0.7,0.195924589,0.997141924
0.54,0.120409146,0.996415057,0.55,0.129498596,0.996604309
0.51,0.131536302,0.996899131,0.55,0.129947854,0.996616009
0.65,0.155194545,0.996651211,0.65,0.158981147,0.996730711
0.61,0.17837144,0.997263961,0.59,0.166987565,0.997173517
0.61,0.157240273,0.996897411,0.62,0.15615724,0.996824909
0.59,0.134745287,0.996499555,0.58,0.151046931,0.996928942
0.58,0.153590052,0.996979639,0.58,0.145294826,0.996807749
0.57,0.183722423,0.997517205,0.6,0.188648215,0.997454931
0.46,0.137352587,0.99732044,0.54,0.152402728,0.997165503
0.55,0.164845568,0.997330486,0.58,0.178395507,0.99739852
0.58,0.131688728,0.996479087,0.57,0.131640594,0.996538321
0.6,0.153782591,0.996879713,0.63,0.1707501,0.997048766
0.53,0.13784998,0.996925041,0.54,0.137248295,0.996853514
0.72,0.165166466,0.996515005,0.71,0.171536302,0.99669044
0.7,0.184115523,0.996959166,0.7,0.188343361,0.997027222
0.66,0.137809868,0.996172582,0.74,0.15247493,0.996121593
0.64,0.150316887,0.996595926,0.69,0.17400722,0.996828898
0.67,0.147115925,0.996359685,0.7,0.15833935,0.996465896
0.59,0.155106298,0.996957665,0.64,0.168800642,0.996967543
0.59,0.166137184,0.997159091,0.66,0.187172082,0.997179126
0.56,0.157922182,0.997163264,0.64,0.173036502,0.997041557
0.62,0.141026875,0.99648546,0.66,0.157777778,0.996655349
0.63,0.163979142,0.996927279,0.63,0.175234657,0.997124076
0.52,0.138170878,0.99698987,0.52,0.139005215,0.997007883
0.61,0.144380265,0.996621996,0.62,0.159093462,0.996883326
0.51,0.098002407,0.995842504,0.48,0.101163257,0.996207932
0.38,0.071752908,0.995769316,0.5,0.118122744,0.996615676
0.39,0.10540714,0.997040522,0.52,0.140256719,0.997034502
0.32,0.090220618,0.997162617,0.41,0.121251504,0.997294622
0.37,0.100649819,0.997059525,0.46,0.16426795,0.997758503
0.32,0.076815082,0.996669095,0.42,0.106963498,0.996859813
0.5,0.109867629,0.996362314,0.58,0.153870838,0.996985134
0.41,0.077015644,0.995747329,0.42,0.090413157,0.996287129
0.42,0.111849178,0.996996568,0.47,0.125142399,0.996996037
0.4,0.093894906,0.996594005,0.44,0.106113117,0.9966845
0.42,0.09843562,0.996588694,0.55,0.157448857,0.997205427
0.38,0.10908945,0.997213259,0.44,0.127284396,0.997234444
0.4,0.087252306,0.996335654,0.42,0.111255515,0.99698059
0.25,0.048584035,0.995888834,0.33,0.089787405,0.997060134
0.43,0.097769755,0.996484056,0.44,0.112667469,0.996876775
0.3,0.069370237,0.996542584,0.5,0.118387485,0.996623219
0.42,0.108503811,0.996904253,0.43,0.133116727,0.997415244
0.47,0.105856398,0.996450687,0.55,0.143377457,0.996932002
0.46,0.097521059,0.996230126,0.5,0.113269154,0.996471169
0.46,0.094737264,0.996119781,0.53,0.112009627,0.996218337
0.49,0.126923385,0.996912413,0.57,0.163987164,0.997219241
0.45,0.082334537,0.995634459,0.53,0.105214601,0.995975091
0.42,0.112490975,0.997013652,0.48,0.136582431,0.997188543
0.39,0.098162856,0.996822811,0.62,0.157488969,0.996851673
0.29,0.071391897,0.996751792,0.35,0.097488969,0.997128087
0.32,0.062422784,0.995904262,0.38,0.086955475,0.99650639
0.32,0.073172884,0.996503879,0.47,0.134929803,0.997213329
0.44,0.087797834,0.995995632,0.56,0.141508223,0.996835264
0.57,0.126129162,0.996387604,0.51,0.131239471,0.996892139
0.38,0.094392298,0.996780752,0.42,0.121227437,0.997228272
0.38,0.0940714,0.996769806,0.4,0.10983554,0.997086884
0.35,0.086425993,0.996761658,0.51,0.15902126,0.997433704
0.5,0.122823907,0.996744792,0.63,0.160441235,0.996859735
0.47,0.117641396,0.996805112,0.53,0.142775772,0.997030812
0.43,0.108166867,0.996820937,0.49,0.12912154,0.996964817
0.36,0.061034898,0.995290424,0.4,0.074031288,0.995684074
0.32,0.091881268,0.997213757,0.48,0.149241877,0.997426411
0.51,0.101805054,0.995997174,0.58,0.133694344,0.996531723
0.41,0.085904533,0.996185692,0.39,0.084115523,0.996294185
0.38,0.09951063,0.996945829,0.38,0.111849178,0.997281831
0.43,0.083786602,0.995899685,0.46,0.117673486,0.996873726
0.31,0.072330525,0.99657345,0.36,0.12113919,0.997621564
0.49,0.083329322,0.995304714,0.5,0.099013237,0.995965139
0.29,0.064564781,0.996409558,0.37,0.090974729,0.996747825
0.49,0.086193341,0.99546002,0.61,0.141026875,0.99654195
0.58,0.12648215,0.996334681,0.69,0.167541115,0.996706915
0.43,0.104155636,0.99669891,0.48,0.121740874,0.996846876
0.42,0.078900923,0.995747697,0.54,0.132771761,0.996747772
0.42,0.102503008,0.996723613,0.47,0.157464902,0.997611182
0.36,0.08928199,0.996775638,0.48,0.139109507,0.997239476
0.33,0.089306057,0.997044335,0.38,0.107444846,0.997170724
0.4,0.097625351,0.996723728,0.47,0.14319294,0.997373715
0.53,0.09505014,0.995546593,0.64,0.141034898,0.996372705
0.34,0.072547132,0.996254269,0.5,0.131488167,0.996958637
0.3,0.079261933,0.996972755,0.42,0.107910148,0.996887275
0.55,0.129538708,0.996605357,0.52,0.115322904,0.996395647
0.42,0.099245888,0.99661645,0.51,0.146273566,0.997210676
0.39,0.06537505,0.995236932,0.43,0.106329723,0.996766188
0.42,0.100112314,0.996645635,0.5,0.125687926,0.996818731
0.54,0.098804653,0.9956346,0.64,0.160088247,0.996803037
0.49,0.094977938,0.995878197,0.52,0.121821099,0.996587255
0.41,0.085270758,0.996157451,0.52,0.142446851,0.997079964
0.44,0.095491376,0.996317067,0.54,0.135836342,0.996820911
0.49,0.117513037,0.996665986,0.59,0.146722824,0.996784391
0.54,0.123987164,0.996518151,0.52,0.13250702,0.996861609
0.42,0.086795026,0.996132953,0.53,0.123417569,0.99656669
0.29,0.088263137,0.997371045,0.32,0.094376254,0.997287216
0.47,0.108616125,0.996540556,0.58,0.147813879,0.996861981
0.47,0.107677497,0.996510506,0.43,0.101949458,0.996627715
0.42,0.119350181,0.997184798,0.53,0.155098275,0.997266068
0.42,0.103377457,0.996751238,0.54,0.141780987,0.996953799
0.41,0.115202567,0.997152975,0.44,0.131600481,0.997324903
0.57,0.12048937,0.996219156,0.57,0.141644605,0.996782025
0.48,0.1292499,0.997029519,0.68,0.179326113,0.996967129
0.51,0.132819896,0.996929006,0.56,0.16153229,0.997226487
0.39,0.069610911,0.99552547,0.39,0.062567188,0.995024241
0.4,0.079590854,0.995984339,0.43,0.094929803,0.996379252
0.46,0.099855596,0.996317938,0.63,0.153590052,0.996720117
0.41,0.116542318,0.997185612,0.54,0.150589651,0.997131474
0.44,0.097031689,0.996375319,0.45,0.116181308,0.99690232
0.41,0.074608905,0.995610748,0.43,0.09618933,0.996426494
0.44,0.09729643,0.996385146,0.43,0.101187325,0.996602402
0.43,0.118836743,0.997105547,0.5,0.157697553,0.99746283
0.35,0.074713197,0.996255884,0.43,0.106217409,0.996762779
0.37,0.105278781,0.99718845,0.52,0.173959085,0.997607656
0.39,0.076911352,0.995948473,0.49,0.074801444,0.994772218
0.37,0.09993582,0.997038579,0.55,0.151929402,0.997104196
0.33,0.079261933,0.996671038,0.38,0.094424388,0.996781843
0.55,0.120369033,0.996347699,0.51,0.126361813,0.99677256
0.54,0.124628961,0.996536019,0.53,0.148624148,0.997147317
0.5,0.087757722,0.995449995,0.65,0.147083835,0.996467199
0.42,0.088471721,0.996205962,0.58,0.14869635,0.996880546
0.53,0.090958684,0.995347204,0.56,0.118026474,0.996208017
0.52,0.09996791,0.995844322,0.52,0.130854392,0.996822099
0.42,0.111159246,0.996977982,0.57,0.155483353,0.9970676
0.41,0.108022463,0.996964312,0.48,0.13791416,0.997215616
0.47,0.083425592,0.99550067,0.59,0.137031689,0.99655776
0.44,0.112787806,0.996880096,0.51,0.147244284,0.997229014
0.4,0.080128359,0.996011169,0.48,0.121155235,0.996831683
0.45,0.091423987,0.996066777,0.53,0.135796229,0.996878681