,C8p_QI15,C8p_QI151,C8p_QI153,C8p_QI155,C8p_QI157,C8p_QI159,C8p_QI16,C8p_QI161,C8p_QI163,C8p_QI165,C8p_QI167,C8p_QI17,C8p_QI170,C8p_QI172,C8p_QI174,C8p_QI176,C8p_QI178,C8p_QI18,C8p_QI180,C8p_QI182,C8p_QI184,C8p_QI187,C8p_QI189,C8p_QI19,C8p_QI191,C8p_QI193,C8p_QI195,C8p_QI197,C8p_QI198,C8p_QI199,C8p_QI20,C8p_QI200,C8p_QI201,C8p_QI203,C8p_QI205,C8p_QI207,C8p_QI209,C8p_QI21,C8p_QI212,C8p_QI214,C8p_QI22,C8p_QI23,C8p_QI24,C8p_QI25,C8p_QI26,C8p_QI27,C8p_QI28,C8p_QI29,C8p_QI30,C8p_QI31,C8p_QI33,C8p_QI35,C8p_QI36,C8p_QI37,C8p_QI38,C8p_QI39,C8p_QI40,C8p_QI41,C8p_QI42,C8p_QI43,C8p_QI63,C8p_QI64,C8p_QI66,C8p_QI68,C8p_QI70,C8p_QI72,C8p_QI74,C8p_QI76,C8p_QI78,C8p_QI80,C8p_QI82,C8p_QI84,C8p_QI86
C8p_QI15,1.0,0.43466666666666665,0.4490358126721763,0.4490358126721763,0.4490358126721763,0.3939393939393939,0.9387096774193548,0.4323607427055703,0.43466666666666665,0.4490358126721763,0.3939393939393939,0.8772455089820359,0.422279792746114,0.422279792746114,0.4170984455958549,0.43466666666666665,0.43466666666666665,0.9387096774193548,0.4490358126721763,0.3939393939393939,0.422279792746114,0.422279792746114,0.422279792746114,0.9387096774193548,0.4170984455958549,0.43466666666666665,0.4490358126721763,0.4490358126721763,0.43466666666666665,0.43466666666666665,0.6912114014251781,0.422279792746114,0.422279792746114,0.4170984455958549,0.43466666666666665,0.4490358126721763,0.4490358126721763,0.7363420427553444,0.18714555765595464,0.0,0.6912114014251781,0.7159353348729792,0.7159353348729792,0.7363420427553444,0.6912114014251781,0.7126436781609196,0.7159353348729792,0.7159353348729792,0.7159353348729792,0.7363420427553444,0.6936936936936937,0.7159353348729792,0.609704641350211,0.6397379912663755,0.6179039301310044,0.5887265135699373,0.6234042553191489,0.6397379912663755,0.6179039301310044,0.6207627118644068,0.2619047619047619,0.2619047619047619,0.2619047619047619,0.2570951585976628,0.25795644891122277,0.2619047619047619,0.2619047619047619,0.25207296849087896,0.25207296849087896,0.2570951585976628,0.24183006535947713,0.2570951585976628,0.2570951585976628
C8p_QI151,0.43466666666666665,1.0,0.9473684210526315,0.9473684210526315,0.9473684210526315,0.8596491228070176,0.384,0.991304347826087,1.0,0.9473684210526315,0.8596491228070176,0.4119170984455959,0.9539748953974896,0.9539748953974896,0.9456066945606695,1.0,1.0,0.384,0.9473684210526315,0.8596491228070176,0.9539748953974896,0.9539748953974896,0.9539748953974896,0.384,0.9456066945606695,1.0,0.9473684210526315,0.9473684210526315,1.0,1.0,0.4383561643835616,0.9539748953974896,0.9539748953974896,0.9456066945606695,1.0,0.9473684210526315,0.9473684210526315,0.4817351598173516,0.19474835886214442,0.0,0.4383561643835616,0.5091324200913242,0.5091324200913242,0.4817351598173516,0.4383561643835616,0.5068181818181818,0.5091324200913242,0.5091324200913242,0.5091324200913242,0.4817351598173516,0.4922048997772829,0.5091324200913242,0.40702479338842973,0.39375,0.3729166666666667,0.3885480572597137,0.41875,0.39375,0.3729166666666667,0.4170124481327801,0.30177514792899407,0.30177514792899407,0.30177514792899407,0.3182711198428291,0.31952662721893493,0.30177514792899407,0.30177514792899407,0.31189083820662766,0.31189083820662766,0.3182711198428291,0.29636711281070743,0.3182711198428291,0.3182711198428291
C8p_QI153,0.4490358126721763,0.9473684210526315,1.0,1.0,1.0,0.9074074074074074,0.39669421487603307,0.9391304347826087,0.9473684210526315,1.0,0.9074074074074074,0.38082901554404147,0.9037656903765691,0.9037656903765691,0.895397489539749,0.9473684210526315,0.9473684210526315,0.39669421487603307,1.0,0.9074074074074074,0.9037656903765691,0.9037656903765691,0.9037656903765691,0.39669421487603307,0.895397489539749,0.9473684210526315,1.0,1.0,0.9473684210526315,0.9473684210526315,0.4507042253521127,0.9037656903765691,0.9037656903765691,0.895397489539749,0.9473684210526315,1.0,1.0,0.4953051643192488,0.19463087248322147,0.0,0.4507042253521127,0.4817351598173516,0.4817351598173516,0.4953051643192488,0.4507042253521127,0.47954545454545455,0.4817351598173516,0.4817351598173516,0.4817351598173516,0.4953051643192488,0.46547884187082406,0.4817351598173516,0.3822314049586777,0.40384615384615385,0.38247863247863245,0.36400817995910023,0.39375,0.40384615384615385,0.38247863247863245,0.3921161825726141,0.30120481927710846,0.30120481927710846,0.30120481927710846,0.29469548133595286,0.2958579881656805,0.30120481927710846,0.30120481927710846,0.2884990253411306,0.2884990253411306,0.29469548133595286,0.2734225621414914,0.29469548133595286,0.29469548133595286
C8p_QI155,0.4490358126721763,0.9473684210526315,1.0,1.0,1.0,0.9074074074074074,0.39669421487603307,0.9391304347826087,0.9473684210526315,1.0,0.9074074074074074,0.38082901554404147,0.9037656903765691,0.9037656903765691,0.895397489539749,0.9473684210526315,0.9473684210526315,0.39669421487603307,1.0,0.9074074074074074,0.9037656903765691,0.9037656903765691,0.9037656903765691,0.39669421487603307,0.895397489539749,0.9473684210526315,1.0,1.0,0.9473684210526315,0.9473684210526315,0.4507042253521127,0.9037656903765691,0.9037656903765691,0.895397489539749,0.9473684210526315,1.0,1.0,0.4953051643192488,0.19463087248322147,0.0,0.4507042253521127,0.4817351598173516,0.4817351598173516,0.4953051643192488,0.4507042253521127,0.47954545454545455,0.4817351598173516,0.4817351598173516,0.4817351598173516,0.4953051643192488,0.46547884187082406,0.4817351598173516,0.3822314049586777,0.40384615384615385,0.38247863247863245,0.36400817995910023,0.39375,0.40384615384615385,0.38247863247863245,0.3921161825726141,0.30120481927710846,0.30120481927710846,0.30120481927710846,0.29469548133595286,0.2958579881656805,0.30120481927710846,0.30120481927710846,0.2884990253411306,0.2884990253411306,0.29469548133595286,0.2734225621414914,0.29469548133595286,0.29469548133595286
C8p_QI157,0.4490358126721763,0.9473684210526315,1.0,1.0,1.0,0.9074074074074074,0.39669421487603307,0.9391304347826087,0.9473684210526315,1.0,0.9074074074074074,0.38082901554404147,0.9037656903765691,0.9037656903765691,0.895397489539749,0.9473684210526315,0.9473684210526315,0.39669421487603307,1.0,0.9074074074074074,0.9037656903765691,0.9037656903765691,0.9037656903765691,0.39669421487603307,0.895397489539749,0.9473684210526315,1.0,1.0,0.9473684210526315,0.9473684210526315,0.4507042253521127,0.9037656903765691,0.9037656903765691,0.895397489539749,0.9473684210526315,1.0,1.0,0.4953051643192488,0.19463087248322147,0.0,0.4507042253521127,0.4817351598173516,0.4817351598173516,0.4953051643192488,0.4507042253521127,0.47954545454545455,0.4817351598173516,0.4817351598173516,0.4817351598173516,0.4953051643192488,0.46547884187082406,0.4817351598173516,0.3822314049586777,0.40384615384615385,0.38247863247863245,0.36400817995910023,0.39375,0.40384615384615385,0.38247863247863245,0.3921161825726141,0.30120481927710846,0.30120481927710846,0.30120481927710846,0.29469548133595286,0.2958579881656805,0.30120481927710846,0.30120481927710846,0.2884990253411306,0.2884990253411306,0.29469548133595286,0.2734225621414914,0.29469548133595286,0.29469548133595286
C8p_QI159,0.3939393939393939,0.8596491228070176,0.9074074074074074,0.9074074074074074,0.9074074074074074,1.0,0.41569767441860467,0.8521739130434782,0.8596491228070176,0.9074074074074074,1.0,0.3359375,0.8200836820083682,0.8200836820083682,0.8270042194092827,0.8596491228070176,0.8596491228070176,0.41569767441860467,0.9074074074074074,1.0,0.8200836820083682,0.8200836820083682,0.8200836820083682,0.41569767441860467,0.8270042194092827,0.8596491228070176,0.9074074074074074,0.9074074074074074,0.8596491228070176,0.8596491228070176,0.4692874692874693,0.8200836820083682,0.8200836820083682,0.8270042194092827,0.8596491228070176,0.9074074074074074,0.9074074074074074,0.44835680751173707,0.14988814317673377,0.0,0.4692874692874693,0.4360730593607306,0.4360730593607306,0.44835680751173707,0.4692874692874693,0.4340909090909091,0.4360730593607306,0.4360730593607306,0.4360730593607306,0.44835680751173707,0.4272930648769575,0.4360730593607306,0.3409090909090909,0.3611111111111111,0.36899563318777295,0.3231083844580777,0.35208333333333336,0.3611111111111111,0.36899563318777295,0.3506224066390041,0.26104417670682734,0.26104417670682734,0.26104417670682734,0.2554027504911591,0.2564102564102564,0.26104417670682734,0.26104417670682734,0.24951267056530213,0.24951267056530213,0.2554027504911591,0.23518164435946462,0.2554027504911591,0.2554027504911591
C8p_QI16,0.9387096774193548,0.384,0.39669421487603307,0.39669421487603307,0.39669421487603307,0.41569767441860467,1.0,0.3819628647214854,0.384,0.39669421487603307,0.41569767441860467,0.8313253012048193,0.37305699481865284,0.37305699481865284,0.375,0.384,0.384,1.0,0.39669421487603307,0.41569767441860467,0.37305699481865284,0.37305699481865284,0.37305699481865284,1.0,0.375,0.384,0.39669421487603307,0.39669421487603307,0.384,0.384,0.7238805970149254,0.37305699481865284,0.37305699481865284,0.375,0.384,0.39669421487603307,0.39669421487603307,0.6912114014251781,0.15122873345935728,0.0,0.7238805970149254,0.6720554272517321,0.6720554272517321,0.6912114014251781,0.7238805970149254,0.6689655172413793,0.6720554272517321,0.6720554272517321,0.6720554272517321,0.6912114014251781,0.6583710407239819,0.6720554272517321,0.569620253164557,0.5982532751091703,0.6116071428571429,0.5490605427974948,0.5829787234042553,0.5982532751091703,0.6116071428571429,0.5805084745762712,0.22959183673469388,0.22959183673469388,0.22959183673469388,0.22537562604340566,0.22613065326633167,0.22959183673469388,0.22959183673469388,0.22056384742951907,0.22056384742951907,0.22537562604340566,0.2107843137254902,0.22537562604340566,0.22537562604340566
C8p_QI161,0.4323607427055703,0.991304347826087,0.9391304347826087,0.9391304347826087,0.9391304347826087,0.8521739130434782,0.3819628647214854,1.0,0.991304347826087,0.9391304347826087,0.8521739130434782,0.4170984455958549,0.9623430962343096,0.9623430962343096,0.9539748953974896,0.991304347826087,0.991304347826087,0.3819628647214854,0.9391304347826087,0.8521739130434782,0.9623430962343096,0.9623430962343096,0.9623430962343096,0.3819628647214854,0.9539748953974896,0.991304347826087,0.9391304347826087,0.9391304347826087,0.991304347826087,0.991304347826087,0.43636363636363634,0.9623430962343096,0.9623430962343096,0.9539748953974896,0.991304347826087,0.9391304347826087,0.9391304347826087,0.47954545454545455,0.19389978213507625,0.0,0.43636363636363634,0.5068181818181818,0.5068181818181818,0.47954545454545455,0.43636363636363634,0.5113636363636364,0.5068181818181818,0.5068181818181818,0.5068181818181818,0.47954545454545455,0.49665924276169265,0.5068181818181818,0.41115702479338845,0.3921161825726141,0.37136929460580914,0.39263803680981596,0.4170124481327801,0.3921161825726141,0.37136929460580914,0.4211618257261411,0.3005893909626719,0.3005893909626719,0.3005893909626719,0.32220039292730845,0.3182711198428291,0.3005893909626719,0.3005893909626719,0.3157894736842105,0.3157894736842105,0.32220039292730845,0.30019120458891013,0.32220039292730845,0.32220039292730845
C8p_QI163,0.43466666666666665,1.0,0.9473684210526315,0.9473684210526315,0.9473684210526315,0.8596491228070176,0.384,0.991304347826087,1.0,0.9473684210526315,0.8596491228070176,0.4119170984455959,0.9539748953974896,0.9539748953974896,0.9456066945606695,1.0,1.0,0.384,0.9473684210526315,0.8596491228070176,0.9539748953974896,0.9539748953974896,0.9539748953974896,0.384,0.9456066945606695,1.0,0.9473684210526315,0.9473684210526315,1.0,1.0,0.4383561643835616,0.9539748953974896,0.9539748953974896,0.9456066945606695,1.0,0.9473684210526315,0.9473684210526315,0.4817351598173516,0.19474835886214442,0.0,0.4383561643835616,0.5091324200913242,0.5091324200913242,0.4817351598173516,0.4383561643835616,0.5068181818181818,0.5091324200913242,0.5091324200913242,0.5091324200913242,0.4817351598173516,0.4922048997772829,0.5091324200913242,0.40702479338842973,0.39375,0.3729166666666667,0.3885480572597137,0.41875,0.39375,0.3729166666666667,0.4170124481327801,0.30177514792899407,0.30177514792899407,0.30177514792899407,0.3182711198428291,0.31952662721893493,0.30177514792899407,0.30177514792899407,0.31189083820662766,0.31189083820662766,0.3182711198428291,0.29636711281070743,0.3182711198428291,0.3182711198428291
C8p_QI165,0.4490358126721763,0.9473684210526315,1.0,1.0,1.0,0.9074074074074074,0.39669421487603307,0.9391304347826087,0.9473684210526315,1.0,0.9074074074074074,0.38082901554404147,0.9037656903765691,0.9037656903765691,0.895397489539749,0.9473684210526315,0.9473684210526315,0.39669421487603307,1.0,0.9074074074074074,0.9037656903765691,0.9037656903765691,0.9037656903765691,0.39669421487603307,0.895397489539749,0.9473684210526315,1.0,1.0,0.9473684210526315,0.9473684210526315,0.4507042253521127,0.9037656903765691,0.9037656903765691,0.895397489539749,0.9473684210526315,1.0,1.0,0.4953051643192488,0.19463087248322147,0.0,0.4507042253521127,0.4817351598173516,0.4817351598173516,0.4953051643192488,0.4507042253521127,0.47954545454545455,0.4817351598173516,0.4817351598173516,0.4817351598173516,0.4953051643192488,0.46547884187082406,0.4817351598173516,0.3822314049586777,0.40384615384615385,0.38247863247863245,0.36400817995910023,0.39375,0.40384615384615385,0.38247863247863245,0.3921161825726141,0.30120481927710846,0.30120481927710846,0.30120481927710846,0.29469548133595286,0.2958579881656805,0.30120481927710846,0.30120481927710846,0.2884990253411306,0.2884990253411306,0.29469548133595286,0.2734225621414914,0.29469548133595286,0.29469548133595286
C8p_QI167,0.3939393939393939,0.8596491228070176,0.9074074074074074,0.9074074074074074,0.9074074074074074,1.0,0.41569767441860467,0.8521739130434782,0.8596491228070176,0.9074074074074074,1.0,0.3359375,0.8200836820083682,0.8200836820083682,0.8270042194092827,0.8596491228070176,0.8596491228070176,0.41569767441860467,0.9074074074074074,1.0,0.8200836820083682,0.8200836820083682,0.8200836820083682,0.41569767441860467,0.8270042194092827,0.8596491228070176,0.9074074074074074,0.9074074074074074,0.8596491228070176,0.8596491228070176,0.4692874692874693,0.8200836820083682,0.8200836820083682,0.8270042194092827,0.8596491228070176,0.9074074074074074,0.9074074074074074,0.44835680751173707,0.14988814317673377,0.0,0.4692874692874693,0.4360730593607306,0.4360730593607306,0.44835680751173707,0.4692874692874693,0.4340909090909091,0.4360730593607306,0.4360730593607306,0.4360730593607306,0.44835680751173707,0.4272930648769575,0.4360730593607306,0.3409090909090909,0.3611111111111111,0.36899563318777295,0.3231083844580777,0.35208333333333336,0.3611111111111111,0.36899563318777295,0.3506224066390041,0.26104417670682734,0.26104417670682734,0.26104417670682734,0.2554027504911591,0.2564102564102564,0.26104417670682734,0.26104417670682734,0.24951267056530213,0.24951267056530213,0.2554027504911591,0.23518164435946462,0.2554027504911591,0.2554027504911591
C8p_QI17,0.8772455089820359,0.4119170984455959,0.38082901554404147,0.38082901554404147,0.38082901554404147,0.3359375,0.8313253012048193,0.4170984455958549,0.4119170984455959,0.38082901554404147,0.3359375,1.0,0.44041450777202074,0.44041450777202074,0.4427083333333333,0.4119170984455959,0.4119170984455959,0.8313253012048193,0.38082901554404147,0.3359375,0.44041450777202074,0.44041450777202074,0.44041450777202074,0.8313253012048193,0.4427083333333333,0.4119170984455959,0.38082901554404147,0.38082901554404147,0.4119170984455959,0.4119170984455959,0.6266968325791855,0.44041450777202074,0.44041450777202074,0.4427083333333333,0.4119170984455959,0.38082901554404147,0.38082901554404147,0.6621621621621622,0.17592592592592593,0.0,0.6266968325791855,0.6891891891891891,0.6891891891891891,0.6621621621621622,0.6266968325791855,0.6936936936936937,0.6891891891891891,0.6891891891891891,0.6891891891891891,0.6621621621621622,0.7171945701357466,0.6891891891891891,0.6142557651991615,0.5824634655532359,0.5615866388308977,0.6410256410256411,0.6075156576200418,0.5824634655532359,0.5615866388308977,0.6116910229645094,0.24212271973466004,0.24212271973466004,0.24212271973466004,0.2603648424543947,0.2570480928689884,0.24212271973466004,0.24212271973466004,0.27,0.27,0.2603648424543947,0.2553191489361702,0.2603648424543947,0.2603648424543947
C8p_QI170,0.422279792746114,0.9539748953974896,0.9037656903765691,0.9037656903765691,0.9037656903765691,0.8200836820083682,0.37305699481865284,0.9623430962343096,0.9539748953974896,0.9037656903765691,0.8200836820083682,0.44041450777202074,1.0,1.0,0.9916317991631799,0.9539748953974896,0.9539748953974896,0.37305699481865284,0.9037656903765691,0.8200836820083682,1.0,1.0,1.0,0.37305699481865284,0.9916317991631799,0.9539748953974896,0.9037656903765691,0.9037656903765691,0.9539748953974896,0.9539748953974896,0.42761692650334077,1.0,1.0,0.9916317991631799,0.9539748953974896,0.9037656903765691,0.9037656903765691,0.46993318485523383,0.20043103448275862,0.0,0.42761692650334077,0.49665924276169265,0.49665924276169265,0.46993318485523383,0.42761692650334077,0.5011135857461024,0.49665924276169265,0.49665924276169265,0.49665924276169265,0.46993318485523383,0.5167037861915368,0.49665924276169265,0.4093686354378819,0.39059304703476483,0.37014314928425357,0.4110429447852761,0.41513292433537835,0.39059304703476483,0.37014314928425357,0.41922290388548056,0.3079922027290448,0.3079922027290448,0.3079922027290448,0.32943469785575047,0.3255360623781676,0.3079922027290448,0.3079922027290448,0.3333333333333333,0.3333333333333333,0.32943469785575047,0.31238095238095237,0.32943469785575047,0.32943469785575047
C8p_QI172,0.422279792746114,0.9539748953974896,0.9037656903765691,0.9037656903765691,0.9037656903765691,0.8200836820083682,0.37305699481865284,0.9623430962343096,0.9539748953974896,0.9037656903765691,0.8200836820083682,0.44041450777202074,1.0,1.0,0.9916317991631799,0.9539748953974896,0.9539748953974896,0.37305699481865284,0.9037656903765691,0.8200836820083682,1.0,1.0,1.0,0.37305699481865284,0.9916317991631799,0.9539748953974896,0.9037656903765691,0.9037656903765691,0.9539748953974896,0.9539748953974896,0.42761692650334077,1.0,1.0,0.9916317991631799,0.9539748953974896,0.9037656903765691,0.9037656903765691,0.46993318485523383,0.20043103448275862,0.0,0.42761692650334077,0.49665924276169265,0.49665924276169265,0.46993318485523383,0.42761692650334077,0.5011135857461024,0.49665924276169265,0.49665924276169265,0.49665924276169265,0.46993318485523383,0.5167037861915368,0.49665924276169265,0.4093686354378819,0.39059304703476483,0.37014314928425357,0.4110429447852761,0.41513292433537835,0.39059304703476483,0.37014314928425357,0.41922290388548056,0.3079922027290448,0.3079922027290448,0.3079922027290448,0.32943469785575047,0.3255360623781676,0.3079922027290448,0.3079922027290448,0.3333333333333333,0.3333333333333333,0.32943469785575047,0.31238095238095237,0.32943469785575047,0.32943469785575047
C8p_QI174,0.4170984455958549,0.9456066945606695,0.895397489539749,0.895397489539749,0.895397489539749,0.8270042194092827,0.375,0.9539748953974896,0.9456066945606695,0.895397489539749,0.8270042194092827,0.4427083333333333,0.9916317991631799,0.9916317991631799,1.0,0.9456066945606695,0.9456066945606695,0.375,0.895397489539749,0.8270042194092827,0.9916317991631799,0.9916317991631799,0.9916317991631799,0.375,1.0,0.9456066945606695,0.895397489539749,0.895397489539749,0.9456066945606695,0.9456066945606695,0.42953020134228187,0.9916317991631799,0.9916317991631799,1.0,0.9456066945606695,0.895397489539749,0.895397489539749,0.46547884187082406,0.1961206896551724,0.0,0.42953020134228187,0.4922048997772829,0.4922048997772829,0.46547884187082406,0.42953020134228187,0.49665924276169265,0.4922048997772829,0.4922048997772829,0.4922048997772829,0.46547884187082406,0.5190156599552572,0.4922048997772829,0.40529531568228105,0.38650306748466257,0.3660531697341513,0.4069529652351738,0.4110429447852761,0.38650306748466257,0.3660531697341513,0.41513292433537835,0.30409356725146197,0.30409356725146197,0.30409356725146197,0.3255360623781676,0.3216374269005848,0.30409356725146197,0.30409356725146197,0.32943469785575047,0.32943469785575047,0.3255360623781676,0.30857142857142855,0.3255360623781676,0.3255360623781676
C8p_QI176,0.43466666666666665,1.0,0.9473684210526315,0.9473684210526315,0.9473684210526315,0.8596491228070176,0.384,0.991304347826087,1.0,0.9473684210526315,0.8596491228070176,0.4119170984455959,0.9539748953974896,0.9539748953974896,0.9456066945606695,1.0,1.0,0.384,0.9473684210526315,0.8596491228070176,0.9539748953974896,0.9539748953974896,0.9539748953974896,0.384,0.9456066945606695,1.0,0.9473684210526315,0.9473684210526315,1.0,1.0,0.4383561643835616,0.9539748953974896,0.9539748953974896,0.9456066945606695,1.0,0.9473684210526315,0.9473684210526315,0.4817351598173516,0.19474835886214442,0.0,0.4383561643835616,0.5091324200913242,0.5091324200913242,0.4817351598173516,0.4383561643835616,0.5068181818181818,0.5091324200913242,0.5091324200913242,0.5091324200913242,0.4817351598173516,0.4922048997772829,0.5091324200913242,0.40702479338842973,0.39375,0.3729166666666667,0.3885480572597137,0.41875,0.39375,0.3729166666666667,0.4170124481327801,0.30177514792899407,0.30177514792899407,0.30177514792899407,0.3182711198428291,0.31952662721893493,0.30177514792899407,0.30177514792899407,0.31189083820662766,0.31189083820662766,0.3182711198428291,0.29636711281070743,0.3182711198428291,0.3182711198428291
C8p_QI178,0.43466666666666665,1.0,0.9473684210526315,0.9473684210526315,0.9473684210526315,0.8596491228070176,0.384,0.991304347826087,1.0,0.9473684210526315,0.8596491228070176,0.4119170984455959,0.9539748953974896,0.9539748953974896,0.9456066945606695,1.0,1.0,0.384,0.9473684210526315,0.8596491228070176,0.9539748953974896,0.9539748953974896,0.9539748953974896,0.384,0.9456066945606695,1.0,0.9473684210526315,0.9473684210526315,1.0,1.0,0.4383561643835616,0.9539748953974896,0.9539748953974896,0.9456066945606695,1.0,0.9473684210526315,0.9473684210526315,0.4817351598173516,0.19474835886214442,0.0,0.4383561643835616,0.5091324200913242,0.5091324200913242,0.4817351598173516,0.4383561643835616,0.5068181818181818,0.5091324200913242,0.5091324200913242,0.5091324200913242,0.4817351598173516,0.4922048997772829,0.5091324200913242,0.40702479338842973,0.39375,0.3729166666666667,0.3885480572597137,0.41875,0.39375,0.3729166666666667,0.4170124481327801,0.30177514792899407,0.30177514792899407,0.30177514792899407,0.3182711198428291,0.31952662721893493,0.30177514792899407,0.30177514792899407,0.31189083820662766,0.31189083820662766,0.3182711198428291,0.29636711281070743,0.3182711198428291,0.3182711198428291
C8p_QI18,0.9387096774193548,0.384,0.39669421487603307,0.39669421487603307,0.39669421487603307,0.41569767441860467,1.0,0.3819628647214854,0.384,0.39669421487603307,0.41569767441860467,0.8313253012048193,0.37305699481865284,0.37305699481865284,0.375,0.384,0.384,1.0,0.39669421487603307,0.41569767441860467,0.37305699481865284,0.37305699481865284,0.37305699481865284,1.0,0.375,0.384,0.39669421487603307,0.39669421487603307,0.384,0.384,0.7238805970149254,0.37305699481865284,0.37305699481865284,0.375,0.384,0.39669421487603307,0.39669421487603307,0.6912114014251781,0.15122873345935728,0.0,0.7238805970149254,0.6720554272517321,0.6720554272517321,0.6912114014251781,0.7238805970149254,0.6689655172413793,0.6720554272517321,0.6720554272517321,0.6720554272517321,0.6912114014251781,0.6583710407239819,0.6720554272517321,0.569620253164557,0.5982532751091703,0.6116071428571429,0.5490605427974948,0.5829787234042553,0.5982532751091703,0.6116071428571429,0.5805084745762712,0.22959183673469388,0.22959183673469388,0.22959183673469388,0.22537562604340566,0.22613065326633167,0.22959183673469388,0.22959183673469388,0.22056384742951907,0.22056384742951907,0.22537562604340566,0.2107843137254902,0.22537562604340566,0.22537562604340566
C8p_QI180,0.4490358126721763,0.9473684210526315,1.0,1.0,1.0,0.9074074074074074,0.39669421487603307,0.9391304347826087,0.9473684210526315,1.0,0.9074074074074074,0.38082901554404147,0.9037656903765691,0.9037656903765691,0.895397489539749,0.9473684210526315,0.9473684210526315,0.39669421487603307,1.0,0.9074074074074074,0.9037656903765691,0.9037656903765691,0.9037656903765691,0.39669421487603307,0.895397489539749,0.9473684210526315,1.0,1.0,0.9473684210526315,0.9473684210526315,0.4507042253521127,0.9037656903765691,0.9037656903765691,0.895397489539749,0.9473684210526315,1.0,1.0,0.4953051643192488,0.19463087248322147,0.0,0.4507042253521127,0.4817351598173516,0.4817351598173516,0.4953051643192488,0.4507042253521127,0.47954545454545455,0.4817351598173516,0.4817351598173516,0.4817351598173516,0.4953051643192488,0.46547884187082406,0.4817351598173516,0.3822314049586777,0.40384615384615385,0.38247863247863245,0.36400817995910023,0.39375,0.40384615384615385,0.38247863247863245,0.3921161825726141,0.30120481927710846,0.30120481927710846,0.30120481927710846,0.29469548133595286,0.2958579881656805,0.30120481927710846,0.30120481927710846,0.2884990253411306,0.2884990253411306,0.29469548133595286,0.2734225621414914,0.29469548133595286,0.29469548133595286
C8p_QI182,0.3939393939393939,0.8596491228070176,0.9074074074074074,0.9074074074074074,0.9074074074074074,1.0,0.41569767441860467,0.8521739130434782,0.8596491228070176,0.9074074074074074,1.0,0.3359375,0.8200836820083682,0.8200836820083682,0.8270042194092827,0.8596491228070176,0.8596491228070176,0.41569767441860467,0.9074074074074074,1.0,0.8200836820083682,0.8200836820083682,0.8200836820083682,0.41569767441860467,0.8270042194092827,0.8596491228070176,0.9074074074074074,0.9074074074074074,0.8596491228070176,0.8596491228070176,0.4692874692874693,0.8200836820083682,0.8200836820083682,0.8270042194092827,0.8596491228070176,0.9074074074074074,0.9074074074074074,0.44835680751173707,0.14988814317673377,0.0,0.4692874692874693,0.4360730593607306,0.4360730593607306,0.44835680751173707,0.4692874692874693,0.4340909090909091,0.4360730593607306,0.4360730593607306,0.4360730593607306,0.44835680751173707,0.4272930648769575,0.4360730593607306,0.3409090909090909,0.3611111111111111,0.36899563318777295,0.3231083844580777,0.35208333333333336,0.3611111111111111,0.36899563318777295,0.3506224066390041,0.26104417670682734,0.26104417670682734,0.26104417670682734,0.2554027504911591,0.2564102564102564,0.26104417670682734,0.26104417670682734,0.24951267056530213,0.24951267056530213,0.2554027504911591,0.23518164435946462,0.2554027504911591,0.2554027504911591
C8p_QI184,0.422279792746114,0.9539748953974896,0.9037656903765691,0.9037656903765691,0.9037656903765691,0.8200836820083682,0.37305699481865284,0.9623430962343096,0.9539748953974896,0.9037656903765691,0.8200836820083682,0.44041450777202074,1.0,1.0,0.9916317991631799,0.9539748953974896,0.9539748953974896,0.37305699481865284,0.9037656903765691,0.8200836820083682,1.0,1.0,1.0,0.37305699481865284,0.9916317991631799,0.9539748953974896,0.9037656903765691,0.9037656903765691,0.9539748953974896,0.9539748953974896,0.42761692650334077,1.0,1.0,0.9916317991631799,0.9539748953974896,0.9037656903765691,0.9037656903765691,0.46993318485523383,0.20043103448275862,0.0,0.42761692650334077,0.49665924276169265,0.49665924276169265,0.46993318485523383,0.42761692650334077,0.5011135857461024,0.49665924276169265,0.49665924276169265,0.49665924276169265,0.46993318485523383,0.5167037861915368,0.49665924276169265,0.4093686354378819,0.39059304703476483,0.37014314928425357,0.4110429447852761,0.41513292433537835,0.39059304703476483,0.37014314928425357,0.41922290388548056,0.3079922027290448,0.3079922027290448,0.3079922027290448,0.32943469785575047,0.3255360623781676,0.3079922027290448,0.3079922027290448,0.3333333333333333,0.3333333333333333,0.32943469785575047,0.31238095238095237,0.32943469785575047,0.32943469785575047
C8p_QI187,0.422279792746114,0.9539748953974896,0.9037656903765691,0.9037656903765691,0.9037656903765691,0.8200836820083682,0.37305699481865284,0.9623430962343096,0.9539748953974896,0.9037656903765691,0.8200836820083682,0.44041450777202074,1.0,1.0,0.9916317991631799,0.9539748953974896,0.9539748953974896,0.37305699481865284,0.9037656903765691,0.8200836820083682,1.0,1.0,1.0,0.37305699481865284,0.9916317991631799,0.9539748953974896,0.9037656903765691,0.9037656903765691,0.9539748953974896,0.9539748953974896,0.42761692650334077,1.0,1.0,0.9916317991631799,0.9539748953974896,0.9037656903765691,0.9037656903765691,0.46993318485523383,0.20043103448275862,0.0,0.42761692650334077,0.49665924276169265,0.49665924276169265,0.46993318485523383,0.42761692650334077,0.5011135857461024,0.49665924276169265,0.49665924276169265,0.49665924276169265,0.46993318485523383,0.5167037861915368,0.49665924276169265,0.4093686354378819,0.39059304703476483,0.37014314928425357,0.4110429447852761,0.41513292433537835,0.39059304703476483,0.37014314928425357,0.41922290388548056,0.3079922027290448,0.3079922027290448,0.3079922027290448,0.32943469785575047,0.3255360623781676,0.3079922027290448,0.3079922027290448,0.3333333333333333,0.3333333333333333,0.32943469785575047,0.31238095238095237,0.32943469785575047,0.32943469785575047
C8p_QI189,0.422279792746114,0.9539748953974896,0.9037656903765691,0.9037656903765691,0.9037656903765691,0.8200836820083682,0.37305699481865284,0.9623430962343096,0.9539748953974896,0.9037656903765691,0.8200836820083682,0.44041450777202074,1.0,1.0,0.9916317991631799,0.9539748953974896,0.9539748953974896,0.37305699481865284,0.9037656903765691,0.8200836820083682,1.0,1.0,1.0,0.37305699481865284,0.9916317991631799,0.9539748953974896,0.9037656903765691,0.9037656903765691,0.9539748953974896,0.9539748953974896,0.42761692650334077,1.0,1.0,0.9916317991631799,0.9539748953974896,0.9037656903765691,0.9037656903765691,0.46993318485523383,0.20043103448275862,0.0,0.42761692650334077,0.49665924276169265,0.49665924276169265,0.46993318485523383,0.42761692650334077,0.5011135857461024,0.49665924276169265,0.49665924276169265,0.49665924276169265,0.46993318485523383,0.5167037861915368,0.49665924276169265,0.4093686354378819,0.39059304703476483,0.37014314928425357,0.4110429447852761,0.41513292433537835,0.39059304703476483,0.37014314928425357,0.41922290388548056,0.3079922027290448,0.3079922027290448,0.3079922027290448,0.32943469785575047,0.3255360623781676,0.3079922027290448,0.3079922027290448,0.3333333333333333,0.3333333333333333,0.32943469785575047,0.31238095238095237,0.32943469785575047,0.32943469785575047
C8p_QI19,0.9387096774193548,0.384,0.39669421487603307,0.39669421487603307,0.39669421487603307,0.41569767441860467,1.0,0.3819628647214854,0.384,0.39669421487603307,0.41569767441860467,0.8313253012048193,0.37305699481865284,0.37305699481865284,0.375,0.384,0.384,1.0,0.39669421487603307,0.41569767441860467,0.37305699481865284,0.37305699481865284,0.37305699481865284,1.0,0.375,0.384,0.39669421487603307,0.39669421487603307,0.384,0.384,0.7238805970149254,0.37305699481865284,0.37305699481865284,0.375,0.384,0.39669421487603307,0.39669421487603307,0.6912114014251781,0.15122873345935728,0.0,0.7238805970149254,0.6720554272517321,0.6720554272517321,0.6912114014251781,0.7238805970149254,0.6689655172413793,0.6720554272517321,0.6720554272517321,0.6720554272517321,0.6912114014251781,0.6583710407239819,0.6720554272517321,0.569620253164557,0.5982532751091703,0.6116071428571429,0.5490605427974948,0.5829787234042553,0.5982532751091703,0.6116071428571429,0.5805084745762712,0.22959183673469388,0.22959183673469388,0.22959183673469388,0.22537562604340566,0.22613065326633167,0.22959183673469388,0.22959183673469388,0.22056384742951907,0.22056384742951907,0.22537562604340566,0.2107843137254902,0.22537562604340566,0.22537562604340566
C8p_QI191,0.4170984455958549,0.9456066945606695,0.895397489539749,0.895397489539749,0.895397489539749,0.8270042194092827,0.375,0.9539748953974896,0.9456066945606695,0.895397489539749,0.8270042194092827,0.4427083333333333,0.9916317991631799,0.9916317991631799,1.0,0.9456066945606695,0.9456066945606695,0.375,0.895397489539749,0.8270042194092827,0.9916317991631799,0.9916317991631799,0.9916317991631799,0.375,1.0,0.9456066945606695,0.895397489539749,0.895397489539749,0.9456066945606695,0.9456066945606695,0.42953020134228187,0.9916317991631799,0.9916317991631799,1.0,0.9456066945606695,0.895397489539749,0.895397489539749,0.46547884187082406,0.1961206896551724,0.0,0.42953020134228187,0.4922048997772829,0.4922048997772829,0.46547884187082406,0.42953020134228187,0.49665924276169265,0.4922048997772829,0.4922048997772829,0.4922048997772829,0.46547884187082406,0.5190156599552572,0.4922048997772829,0.40529531568228105,0.38650306748466257,0.3660531697341513,0.4069529652351738,0.4110429447852761,0.38650306748466257,0.3660531697341513,0.41513292433537835,0.30409356725146197,0.30409356725146197,0.30409356725146197,0.3255360623781676,0.3216374269005848,0.30409356725146197,0.30409356725146197,0.32943469785575047,0.32943469785575047,0.3255360623781676,0.30857142857142855,0.3255360623781676,0.3255360623781676
C8p_QI193,0.43466666666666665,1.0,0.9473684210526315,0.9473684210526315,0.9473684210526315,0.8596491228070176,0.384,0.991304347826087,1.0,0.9473684210526315,0.8596491228070176,0.4119170984455959,0.9539748953974896,0.9539748953974896,0.9456066945606695,1.0,1.0,0.384,0.9473684210526315,0.8596491228070176,0.9539748953974896,0.9539748953974896,0.9539748953974896,0.384,0.9456066945606695,1.0,0.9473684210526315,0.9473684210526315,1.0,1.0,0.4383561643835616,0.9539748953974896,0.9539748953974896,0.9456066945606695,1.0,0.9473684210526315,0.9473684210526315,0.4817351598173516,0.19474835886214442,0.0,0.4383561643835616,0.5091324200913242,0.5091324200913242,0.4817351598173516,0.4383561643835616,0.5068181818181818,0.5091324200913242,0.5091324200913242,0.5091324200913242,0.4817351598173516,0.4922048997772829,0.5091324200913242,0.40702479338842973,0.39375,0.3729166666666667,0.3885480572597137,0.41875,0.39375,0.3729166666666667,0.4170124481327801,0.30177514792899407,0.30177514792899407,0.30177514792899407,0.3182711198428291,0.31952662721893493,0.30177514792899407,0.30177514792899407,0.31189083820662766,0.31189083820662766,0.3182711198428291,0.29636711281070743,0.3182711198428291,0.3182711198428291
C8p_QI195,0.4490358126721763,0.9473684210526315,1.0,1.0,1.0,0.9074074074074074,0.39669421487603307,0.9391304347826087,0.9473684210526315,1.0,0.9074074074074074,0.38082901554404147,0.9037656903765691,0.9037656903765691,0.895397489539749,0.9473684210526315,0.9473684210526315,0.39669421487603307,1.0,0.9074074074074074,0.9037656903765691,0.9037656903765691,0.9037656903765691,0.39669421487603307,0.895397489539749,0.9473684210526315,1.0,1.0,0.9473684210526315,0.9473684210526315,0.4507042253521127,0.9037656903765691,0.9037656903765691,0.895397489539749,0.9473684210526315,1.0,1.0,0.4953051643192488,0.19463087248322147,0.0,0.4507042253521127,0.4817351598173516,0.4817351598173516,0.4953051643192488,0.4507042253521127,0.47954545454545455,0.4817351598173516,0.4817351598173516,0.4817351598173516,0.4953051643192488,0.46547884187082406,0.4817351598173516,0.3822314049586777,0.40384615384615385,0.38247863247863245,0.36400817995910023,0.39375,0.40384615384615385,0.38247863247863245,0.3921161825726141,0.30120481927710846,0.30120481927710846,0.30120481927710846,0.29469548133595286,0.2958579881656805,0.30120481927710846,0.30120481927710846,0.2884990253411306,0.2884990253411306,0.29469548133595286,0.2734225621414914,0.29469548133595286,0.29469548133595286
C8p_QI197,0.4490358126721763,0.9473684210526315,1.0,1.0,1.0,0.9074074074074074,0.39669421487603307,0.9391304347826087,0.9473684210526315,1.0,0.9074074074074074,0.38082901554404147,0.9037656903765691,0.9037656903765691,0.895397489539749,0.9473684210526315,0.9473684210526315,0.39669421487603307,1.0,0.9074074074074074,0.9037656903765691,0.9037656903765691,0.9037656903765691,0.39669421487603307,0.895397489539749,0.9473684210526315,1.0,1.0,0.9473684210526315,0.9473684210526315,0.4507042253521127,0.9037656903765691,0.9037656903765691,0.895397489539749,0.9473684210526315,1.0,1.0,0.4953051643192488,0.19463087248322147,0.0,0.4507042253521127,0.4817351598173516,0.4817351598173516,0.4953051643192488,0.4507042253521127,0.47954545454545455,0.4817351598173516,0.4817351598173516,0.4817351598173516,0.4953051643192488,0.46547884187082406,0.4817351598173516,0.3822314049586777,0.40384615384615385,0.38247863247863245,0.36400817995910023,0.39375,0.40384615384615385,0.38247863247863245,0.3921161825726141,0.30120481927710846,0.30120481927710846,0.30120481927710846,0.29469548133595286,0.2958579881656805,0.30120481927710846,0.30120481927710846,0.2884990253411306,0.2884990253411306,0.29469548133595286,0.2734225621414914,0.29469548133595286,0.29469548133595286
C8p_QI198,0.43466666666666665,1.0,0.9473684210526315,0.9473684210526315,0.9473684210526315,0.8596491228070176,0.384,0.991304347826087,1.0,0.9473684210526315,0.8596491228070176,0.4119170984455959,0.9539748953974896,0.9539748953974896,0.9456066945606695,1.0,1.0,0.384,0.9473684210526315,0.8596491228070176,0.9539748953974896,0.9539748953974896,0.9539748953974896,0.384,0.9456066945606695,1.0,0.9473684210526315,0.9473684210526315,1.0,1.0,0.4383561643835616,0.9539748953974896,0.9539748953974896,0.9456066945606695,1.0,0.9473684210526315,0.9473684210526315,0.4817351598173516,0.19474835886214442,0.0,0.4383561643835616,0.5091324200913242,0.5091324200913242,0.4817351598173516,0.4383561643835616,0.5068181818181818,0.5091324200913242,0.5091324200913242,0.5091324200913242,0.4817351598173516,0.4922048997772829,0.5091324200913242,0.40702479338842973,0.39375,0.3729166666666667,0.3885480572597137,0.41875,0.39375,0.3729166666666667,0.4170124481327801,0.30177514792899407,0.30177514792899407,0.30177514792899407,0.3182711198428291,0.31952662721893493,0.30177514792899407,0.30177514792899407,0.31189083820662766,0.31189083820662766,0.3182711198428291,0.29636711281070743,0.3182711198428291,0.3182711198428291
C8p_QI199,0.43466666666666665,1.0,0.9473684210526315,0.9473684210526315,0.9473684210526315,0.8596491228070176,0.384,0.991304347826087,1.0,0.9473684210526315,0.8596491228070176,0.4119170984455959,0.9539748953974896,0.9539748953974896,0.9456066945606695,1.0,1.0,0.384,0.9473684210526315,0.8596491228070176,0.9539748953974896,0.9539748953974896,0.9539748953974896,0.384,0.9456066945606695,1.0,0.9473684210526315,0.9473684210526315,1.0,1.0,0.4383561643835616,0.9539748953974896,0.9539748953974896,0.9456066945606695,1.0,0.9473684210526315,0.9473684210526315,0.4817351598173516,0.19474835886214442,0.0,0.4383561643835616,0.5091324200913242,0.5091324200913242,0.4817351598173516,0.4383561643835616,0.5068181818181818,0.5091324200913242,0.5091324200913242,0.5091324200913242,0.4817351598173516,0.4922048997772829,0.5091324200913242,0.40702479338842973,0.39375,0.3729166666666667,0.3885480572597137,0.41875,0.39375,0.3729166666666667,0.4170124481327801,0.30177514792899407,0.30177514792899407,0.30177514792899407,0.3182711198428291,0.31952662721893493,0.30177514792899407,0.30177514792899407,0.31189083820662766,0.31189083820662766,0.3182711198428291,0.29636711281070743,0.3182711198428291,0.3182711198428291
C8p_QI20,0.6912114014251781,0.4383561643835616,0.4507042253521127,0.4507042253521127,0.4507042253521127,0.4692874692874693,0.7238805970149254,0.43636363636363634,0.4383561643835616,0.4507042253521127,0.4692874692874693,0.6266968325791855,0.42761692650334077,0.42761692650334077,0.42953020134228187,0.4383561643835616,0.4383561643835616,0.7238805970149254,0.4507042253521127,0.4692874692874693,0.42761692650334077,0.42761692650334077,0.42761692650334077,0.7238805970149254,0.42953020134228187,0.4383561643835616,0.4507042253521127,0.4507042253521127,0.4383561643835616,0.4383561643835616,1.0,0.42761692650334077,0.42761692650334077,0.42953020134228187,0.4383561643835616,0.4507042253521127,0.4507042253521127,0.9548693586698337,0.16129032258064516,0.0,1.0,0.9284064665127021,0.9284064665127021,0.9548693586698337,1.0,0.9241379310344827,0.9284064665127021,0.9284064665127021,0.9284064665127021,0.9548693586698337,0.9095022624434389,0.9284064665127021,0.78125,0.8168103448275862,0.8348017621145375,0.7587628865979381,0.7962184873949579,0.8168103448275862,0.8348017621145375,0.7928870292887029,0.25225225225225223,0.25225225225225223,0.25225225225225223,0.2481536189069424,0.24888888888888888,0.25225225225225223,0.25225225225225223,0.24375917767988253,0.24375917767988253,0.2481536189069424,0.23478260869565218,0.2481536189069424,0.2481536189069424
C8p_QI200,0.422279792746114,0.9539748953974896,0.9037656903765691,0.9037656903765691,0.9037656903765691,0.8200836820083682,0.37305699481865284,0.9623430962343096,0.9539748953974896,0.9037656903765691,0.8200836820083682,0.44041450777202074,1.0,1.0,0.9916317991631799,0.9539748953974896,0.9539748953974896,0.37305699481865284,0.9037656903765691,0.8200836820083682,1.0,1.0,1.0,0.37305699481865284,0.9916317991631799,0.9539748953974896,0.9037656903765691,0.9037656903765691,0.9539748953974896,0.9539748953974896,0.42761692650334077,1.0,1.0,0.9916317991631799,0.9539748953974896,0.9037656903765691,0.9037656903765691,0.46993318485523383,0.20043103448275862,0.0,0.42761692650334077,0.49665924276169265,0.49665924276169265,0.46993318485523383,0.42761692650334077,0.5011135857461024,0.49665924276169265,0.49665924276169265,0.49665924276169265,0.46993318485523383,0.5167037861915368,0.49665924276169265,0.4093686354378819,0.39059304703476483,0.37014314928425357,0.4110429447852761,0.41513292433537835,0.39059304703476483,0.37014314928425357,0.41922290388548056,0.3079922027290448,0.3079922027290448,0.3079922027290448,0.32943469785575047,0.3255360623781676,0.3079922027290448,0.3079922027290448,0.3333333333333333,0.3333333333333333,0.32943469785575047,0.31238095238095237,0.32943469785575047,0.32943469785575047
C8p_QI201,0.422279792746114,0.9539748953974896,0.9037656903765691,0.9037656903765691,0.9037656903765691,0.8200836820083682,0.37305699481865284,0.9623430962343096,0.9539748953974896,0.9037656903765691,0.8200836820083682,0.44041450777202074,1.0,1.0,0.9916317991631799,0.9539748953974896,0.9539748953974896,0.37305699481865284,0.9037656903765691,0.8200836820083682,1.0,1.0,1.0,0.37305699481865284,0.9916317991631799,0.9539748953974896,0.9037656903765691,0.9037656903765691,0.9539748953974896,0.9539748953974896,0.42761692650334077,1.0,1.0,0.9916317991631799,0.9539748953974896,0.9037656903765691,0.9037656903765691,0.46993318485523383,0.20043103448275862,0.0,0.42761692650334077,0.49665924276169265,0.49665924276169265,0.46993318485523383,0.42761692650334077,0.5011135857461024,0.49665924276169265,0.49665924276169265,0.49665924276169265,0.46993318485523383,0.5167037861915368,0.49665924276169265,0.4093686354378819,0.39059304703476483,0.37014314928425357,0.4110429447852761,0.41513292433537835,0.39059304703476483,0.37014314928425357,0.41922290388548056,0.3079922027290448,0.3079922027290448,0.3079922027290448,0.32943469785575047,0.3255360623781676,0.3079922027290448,0.3079922027290448,0.3333333333333333,0.3333333333333333,0.32943469785575047,0.31238095238095237,0.32943469785575047,0.32943469785575047
C8p_QI203,0.4170984455958549,0.9456066945606695,0.895397489539749,0.895397489539749,0.895397489539749,0.8270042194092827,0.375,0.9539748953974896,0.9456066945606695,0.895397489539749,0.8270042194092827,0.4427083333333333,0.9916317991631799,0.9916317991631799,1.0,0.9456066945606695,0.9456066945606695,0.375,0.895397489539749,0.8270042194092827,0.9916317991631799,0.9916317991631799,0.9916317991631799,0.375,1.0,0.9456066945606695,0.895397489539749,0.895397489539749,0.9456066945606695,0.9456066945606695,0.42953020134228187,0.9916317991631799,0.9916317991631799,1.0,0.9456066945606695,0.895397489539749,0.895397489539749,0.46547884187082406,0.1961206896551724,0.0,0.42953020134228187,0.4922048997772829,0.4922048997772829,0.46547884187082406,0.42953020134228187,0.49665924276169265,0.4922048997772829,0.4922048997772829,0.4922048997772829,0.46547884187082406,0.5190156599552572,0.4922048997772829,0.40529531568228105,0.38650306748466257,0.3660531697341513,0.4069529652351738,0.4110429447852761,0.38650306748466257,0.3660531697341513,0.41513292433537835,0.30409356725146197,0.30409356725146197,0.30409356725146197,0.3255360623781676,0.3216374269005848,0.30409356725146197,0.30409356725146197,0.32943469785575047,0.32943469785575047,0.3255360623781676,0.30857142857142855,0.3255360623781676,0.3255360623781676
C8p_QI205,0.43466666666666665,1.0,0.9473684210526315,0.9473684210526315,0.9473684210526315,0.8596491228070176,0.384,0.991304347826087,1.0,0.9473684210526315,0.8596491228070176,0.4119170984455959,0.9539748953974896,0.9539748953974896,0.9456066945606695,1.0,1.0,0.384,0.9473684210526315,0.8596491228070176,0.9539748953974896,0.9539748953974896,0.9539748953974896,0.384,0.9456066945606695,1.0,0.9473684210526315,0.9473684210526315,1.0,1.0,0.4383561643835616,0.9539748953974896,0.9539748953974896,0.9456066945606695,1.0,0.9473684210526315,0.9473684210526315,0.4817351598173516,0.19474835886214442,0.0,0.4383561643835616,0.5091324200913242,0.5091324200913242,0.4817351598173516,0.4383561643835616,0.5068181818181818,0.5091324200913242,0.5091324200913242,0.5091324200913242,0.4817351598173516,0.4922048997772829,0.5091324200913242,0.40702479338842973,0.39375,0.3729166666666667,0.3885480572597137,0.41875,0.39375,0.3729166666666667,0.4170124481327801,0.30177514792899407,0.30177514792899407,0.30177514792899407,0.3182711198428291,0.31952662721893493,0.30177514792899407,0.30177514792899407,0.31189083820662766,0.31189083820662766,0.3182711198428291,0.29636711281070743,0.3182711198428291,0.3182711198428291
C8p_QI207,0.4490358126721763,0.9473684210526315,1.0,1.0,1.0,0.9074074074074074,0.39669421487603307,0.9391304347826087,0.9473684210526315,1.0,0.9074074074074074,0.38082901554404147,0.9037656903765691,0.9037656903765691,0.895397489539749,0.9473684210526315,0.9473684210526315,0.39669421487603307,1.0,0.9074074074074074,0.9037656903765691,0.9037656903765691,0.9037656903765691,0.39669421487603307,0.895397489539749,0.9473684210526315,1.0,1.0,0.9473684210526315,0.9473684210526315,0.4507042253521127,0.9037656903765691,0.9037656903765691,0.895397489539749,0.9473684210526315,1.0,1.0,0.4953051643192488,0.19463087248322147,0.0,0.4507042253521127,0.4817351598173516,0.4817351598173516,0.4953051643192488,0.4507042253521127,0.47954545454545455,0.4817351598173516,0.4817351598173516,0.4817351598173516,0.4953051643192488,0.46547884187082406,0.4817351598173516,0.3822314049586777,0.40384615384615385,0.38247863247863245,0.36400817995910023,0.39375,0.40384615384615385,0.38247863247863245,0.3921161825726141,0.30120481927710846,0.30120481927710846,0.30120481927710846,0.29469548133595286,0.2958579881656805,0.30120481927710846,0.30120481927710846,0.2884990253411306,0.2884990253411306,0.29469548133595286,0.2734225621414914,0.29469548133595286,0.29469548133595286
C8p_QI209,0.4490358126721763,0.9473684210526315,1.0,1.0,1.0,0.9074074074074074,0.39669421487603307,0.9391304347826087,0.9473684210526315,1.0,0.9074074074074074,0.38082901554404147,0.9037656903765691,0.9037656903765691,0.895397489539749,0.9473684210526315,0.9473684210526315,0.39669421487603307,1.0,0.9074074074074074,0.9037656903765691,0.9037656903765691,0.9037656903765691,0.39669421487603307,0.895397489539749,0.9473684210526315,1.0,1.0,0.9473684210526315,0.9473684210526315,0.4507042253521127,0.9037656903765691,0.9037656903765691,0.895397489539749,0.9473684210526315,1.0,1.0,0.4953051643192488,0.19463087248322147,0.0,0.4507042253521127,0.4817351598173516,0.4817351598173516,0.4953051643192488,0.4507042253521127,0.47954545454545455,0.4817351598173516,0.4817351598173516,0.4817351598173516,0.4953051643192488,0.46547884187082406,0.4817351598173516,0.3822314049586777,0.40384615384615385,0.38247863247863245,0.36400817995910023,0.39375,0.40384615384615385,0.38247863247863245,0.3921161825726141,0.30120481927710846,0.30120481927710846,0.30120481927710846,0.29469548133595286,0.2958579881656805,0.30120481927710846,0.30120481927710846,0.2884990253411306,0.2884990253411306,0.29469548133595286,0.2734225621414914,0.29469548133595286,0.29469548133595286
C8p_QI21,0.7363420427553444,0.4817351598173516,0.4953051643192488,0.4953051643192488,0.4953051643192488,0.44835680751173707,0.6912114014251781,0.47954545454545455,0.4817351598173516,0.4953051643192488,0.44835680751173707,0.6621621621621622,0.46993318485523383,0.46993318485523383,0.46547884187082406,0.4817351598173516,0.4817351598173516,0.6912114014251781,0.4953051643192488,0.44835680751173707,0.46993318485523383,0.46993318485523383,0.46993318485523383,0.6912114014251781,0.46547884187082406,0.4817351598173516,0.4953051643192488,0.4953051643192488,0.4817351598173516,0.4817351598173516,0.9548693586698337,0.46993318485523383,0.46993318485523383,0.46547884187082406,0.4817351598173516,0.4953051643192488,0.4953051643192488,1.0,0.19193548387096773,0.0,0.9548693586698337,0.9722863741339491,0.9722863741339491,1.0,0.9548693586698337,0.967816091954023,0.9722863741339491,0.9722863741339491,0.9722863741339491,1.0,0.9436936936936937,0.9722863741339491,0.8208333333333333,0.8577586206896551,0.8362068965517241,0.797938144329897,0.8361344537815126,0.8577586206896551,0.8362068965517241,0.8326359832635983,0.2807807807807808,0.2807807807807808,0.2807807807807808,0.276218611521418,0.277037037037037,0.2807807807807808,0.2807807807807808,0.27165932452276065,0.27165932452276065,0.276218611521418,0.26231884057971017,0.276218611521418,0.276218611521418
C8p_QI212,0.18714555765595464,0.19474835886214442,0.19463087248322147,0.19463087248322147,0.19463087248322147,0.14988814317673377,0.15122873345935728,0.19389978213507625,0.19474835886214442,0.19463087248322147,0.14988814317673377,0.17592592592592593,0.20043103448275862,0.20043103448275862,0.1961206896551724,0.19474835886214442,0.19474835886214442,0.15122873345935728,0.19463087248322147,0.14988814317673377,0.20043103448275862,0.20043103448275862,0.20043103448275862,0.15122873345935728,0.1961206896551724,0.19474835886214442,0.19463087248322147,0.19463087248322147,0.19474835886214442,0.19474835886214442,0.16129032258064516,0.20043103448275862,0.20043103448275862,0.1961206896551724,0.19474835886214442,0.19463087248322147,0.19463087248322147,0.19193548387096773,1.0,0.0,0.16129032258064516,0.19206349206349208,0.19206349206349208,0.19193548387096773,0.16129032258064516,0.19145569620253164,0.19206349206349208,0.19206349206349208,0.19206349206349208,0.19193548387096773,0.19309262166405022,0.19206349206349208,0.19534883720930232,0.20094936708860758,0.185126582278481,0.19409937888198758,0.20093457943925233,0.20094936708860758,0.185126582278481,0.20031055900621117,0.7361111111111112,0.7361111111111112,0.7361111111111112,0.7178329571106095,0.7210884353741497,0.7361111111111112,0.7361111111111112,0.7146067415730337,0.7146067415730337,0.7178329571106095,0.7066666666666667,0.7178329571106095,0.7178329571106095
C8p_QI214,0.0,0.0,0.0,0.0,0.0,0.0,0.0,0.0,0.0,0.0,0.0,0.0,0.0,0.0,0.0,0.0,0.0,0.0,0.0,0.0,0.0,0.0,0.0,0.0,0.0,0.0,0.0,0.0,0.0,0.0,0.0,0.0,0.0,0.0,0.0,0.0,0.0,0.0,0.0,0.0,0.0,0.0,0.0,0.0,0.0,0.0,0.0,0.0,0.0,0.0,0.0,0.0,0.0,0.0,0.0,0.0,0.0,0.0,0.0,0.0,0.0,0.0,0.0,0.0,0.0,0.0,0.0,0.0,0.0,0.0,0.0,0.0,0.0
C8p_QI22,0.6912114014251781,0.4383561643835616,0.4507042253521127,0.4507042253521127,0.4507042253521127,0.4692874692874693,0.7238805970149254,0.43636363636363634,0.4383561643835616,0.4507042253521127,0.4692874692874693,0.6266968325791855,0.42761692650334077,0.42761692650334077,0.42953020134228187,0.4383561643835616,0.4383561643835616,0.7238805970149254,0.4507042253521127,0.4692874692874693,0.42761692650334077,0.42761692650334077,0.42761692650334077,0.7238805970149254,0.42953020134228187,0.4383561643835616,0.4507042253521127,0.4507042253521127,0.4383561643835616,0.4383561643835616,1.0,0.42761692650334077,0.42761692650334077,0.42953020134228187,0.4383561643835616,0.4507042253521127,0.4507042253521127,0.9548693586698337,0.16129032258064516,0.0,1.0,0.9284064665127021,0.9284064665127021,0.9548693586698337,1.0,0.9241379310344827,0.9284064665127021,0.9284064665127021,0.9284064665127021,0.9548693586698337,0.9095022624434389,0.9284064665127021,0.78125,0.8168103448275862,0.8348017621145375,0.7587628865979381,0.7962184873949579,0.8168103448275862,0.8348017621145375,0.7928870292887029,0.25225225225225223,0.25225225225225223,0.25225225225225223,0.2481536189069424,0.24888888888888888,0.25225225225225223,0.25225225225225223,0.24375917767988253,0.24375917767988253,0.2481536189069424,0.23478260869565218,0.2481536189069424,0.2481536189069424
C8p_QI23,0.7159353348729792,0.5091324200913242,0.4817351598173516,0.4817351598173516,0.4817351598173516,0.4360730593607306,0.6720554272517321,0.5068181818181818,0.5091324200913242,0.4817351598173516,0.4360730593607306,0.6891891891891891,0.49665924276169265,0.49665924276169265,0.4922048997772829,0.5091324200913242,0.5091324200913242,0.6720554272517321,0.4817351598173516,0.4360730593607306,0.49665924276169265,0.49665924276169265,0.49665924276169265,0.6720554272517321,0.4922048997772829,0.5091324200913242,0.4817351598173516,0.4817351598173516,0.5091324200913242,0.5091324200913242,0.9284064665127021,0.49665924276169265,0.49665924276169265,0.4922048997772829,0.5091324200913242,0.4817351598173516,0.4817351598173516,0.9722863741339491,0.19206349206349208,0.0,0.9284064665127021,1.0,1.0,0.9722863741339491,0.9284064665127021,0.9954022988505747,1.0,1.0,1.0,0.9722863741339491,0.9707207207207207,1.0,0.8458333333333333,0.8361344537815126,0.8151260504201681,0.822680412371134,0.8613445378151261,0.8361344537815126,0.8151260504201681,0.8577405857740585,0.2814814814814815,0.2814814814814815,0.2814814814814815,0.29394387001477107,0.2948148148148148,0.2814814814814815,0.2814814814814815,0.28928046989721,0.28928046989721,0.29394387001477107,0.2797101449275362,0.29394387001477107,0.29394387001477107
C8p_QI24,0.7159353348729792,0.5091324200913242,0.4817351598173516,0.4817351598173516,0.4817351598173516,0.4360730593607306,0.6720554272517321,0.5068181818181818,0.5091324200913242,0.4817351598173516,0.4360730593607306,0.6891891891891891,0.49665924276169265,0.49665924276169265,0.4922048997772829,0.5091324200913242,0.5091324200913242,0.6720554272517321,0.4817351598173516,0.4360730593607306,0.49665924276169265,0.49665924276169265,0.49665924276169265,0.6720554272517321,0.4922048997772829,0.5091324200913242,0.4817351598173516,0.4817351598173516,0.5091324200913242,0.5091324200913242,0.9284064665127021,0.49665924276169265,0.49665924276169265,0.4922048997772829,0.5091324200913242,0.4817351598173516,0.4817351598173516,0.9722863741339491,0.19206349206349208,0.0,0.9284064665127021,1.0,1.0,0.9722863741339491,0.9284064665127021,0.9954022988505747,1.0,1.0,1.0,0.9722863741339491,0.9707207207207207,1.0,0.8458333333333333,0.8361344537815126,0.8151260504201681,0.822680412371134,0.8613445378151261,0.8361344537815126,0.8151260504201681,0.8577405857740585,0.2814814814814815,0.2814814814814815,0.2814814814814815,0.29394387001477107,0.2948148148148148,0.2814814814814815,0.2814814814814815,0.28928046989721,0.28928046989721,0.29394387001477107,0.2797101449275362,0.29394387001477107,0.29394387001477107
C8p_QI25,0.7363420427553444,0.4817351598173516,0.4953051643192488,0.4953051643192488,0.4953051643192488,0.44835680751173707,0.6912114014251781,0.47954545454545455,0.4817351598173516,0.4953051643192488,0.44835680751173707,0.6621621621621622,0.46993318485523383,0.46993318485523383,0.46547884187082406,0.4817351598173516,0.4817351598173516,0.6912114014251781,0.4953051643192488,0.44835680751173707,0.46993318485523383,0.46993318485523383,0.46993318485523383,0.6912114014251781,0.46547884187082406,0.4817351598173516,0.4953051643192488,0.4953051643192488,0.4817351598173516,0.4817351598173516,0.9548693586698337,0.46993318485523383,0.46993318485523383,0.46547884187082406,0.4817351598173516,0.4953051643192488,0.4953051643192488,1.0,0.19193548387096773,0.0,0.9548693586698337,0.9722863741339491,0.9722863741339491,1.0,0.9548693586698337,0.967816091954023,0.9722863741339491,0.9722863741339491,0.9722863741339491,1.0,0.9436936936936937,0.9722863741339491,0.8208333333333333,0.8577586206896551,0.8362068965517241,0.797938144329897,0.8361344537815126,0.8577586206896551,0.8362068965517241,0.8326359832635983,0.2807807807807808,0.2807807807807808,0.2807807807807808,0.276218611521418,0.277037037037037,0.2807807807807808,0.2807807807807808,0.27165932452276065,0.27165932452276065,0.276218611521418,0.26231884057971017,0.276218611521418,0.276218611521418
C8p_QI26,0.6912114014251781,0.4383561643835616,0.4507042253521127,0.4507042253521127,0.4507042253521127,0.4692874692874693,0.7238805970149254,0.43636363636363634,0.4383561643835616,0.4507042253521127,0.4692874692874693,0.6266968325791855,0.42761692650334077,0.42761692650334077,0.42953020134228187,0.4383561643835616,0.4383561643835616,0.7238805970149254,0.4507042253521127,0.4692874692874693,0.42761692650334077,0.42761692650334077,0.42761692650334077,0.7238805970149254,0.42953020134228187,0.4383561643835616,0.4507042253521127,0.4507042253521127,0.4383561643835616,0.4383561643835616,1.0,0.42761692650334077,0.42761692650334077,0.42953020134228187,0.4383561643835616,0.4507042253521127,0.4507042253521127,0.9548693586698337,0.16129032258064516,0.0,1.0,0.9284064665127021,0.9284064665127021,0.9548693586698337,1.0,0.9241379310344827,0.9284064665127021,0.9284064665127021,0.9284064665127021,0.9548693586698337,0.9095022624434389,0.9284064665127021,0.78125,0.8168103448275862,0.8348017621145375,0.7587628865979381,0.7962184873949579,0.8168103448275862,0.8348017621145375,0.7928870292887029,0.25225225225225223,0.25225225225225223,0.25225225225225223,0.2481536189069424,0.24888888888888888,0.25225225225225223,0.25225225225225223,0.24375917767988253,0.24375917767988253,0.2481536189069424,0.23478260869565218,0.2481536189069424,0.2481536189069424
C8p_QI27,0.7126436781609196,0.5068181818181818,0.47954545454545455,0.47954545454545455,0.47954545454545455,0.4340909090909091,0.6689655172413793,0.5113636363636364,0.5068181818181818,0.47954545454545455,0.4340909090909091,0.6936936936936937,0.5011135857461024,0.5011135857461024,0.49665924276169265,0.5068181818181818,0.5068181818181818,0.6689655172413793,0.47954545454545455,0.4340909090909091,0.5011135857461024,0.5011135857461024,0.5011135857461024,0.6689655172413793,0.49665924276169265,0.5068181818181818,0.47954545454545455,0.47954545454545455,0.5068181818181818,0.5068181818181818,0.9241379310344827,0.5011135857461024,0.5011135857461024,0.49665924276169265,0.5068181818181818,0.47954545454545455,0.47954545454545455,0.967816091954023,0.19145569620253164,0.0,0.9241379310344827,0.9954022988505747,0.9954022988505747,0.967816091954023,0.9241379310344827,1.0,0.9954022988505747,0.9954022988505747,0.9954022988505747,0.967816091954023,0.9752252252252253,0.9954022988505747,0.85,0.8326359832635983,0.8117154811715481,0.8268041237113402,0.8577405857740585,0.8326359832635983,0.8117154811715481,0.8619246861924686,0.28064992614475626,0.28064992614475626,0.28064992614475626,0.2968980797636632,0.29394387001477107,0.28064992614475626,0.28064992614475626,0.2922173274596182,0.2922173274596182,0.2968980797636632,0.2826086956521739,0.2968980797636632,0.2968980797636632
C8p_QI28,0.7159353348729792,0.5091324200913242,0.4817351598173516,0.4817351598173516,0.4817351598173516,0.4360730593607306,0.6720554272517321,0.5068181818181818,0.5091324200913242,0.4817351598173516,0.4360730593607306,0.6891891891891891,0.49665924276169265,0.49665924276169265,0.4922048997772829,0.5091324200913242,0.5091324200913242,0.6720554272517321,0.4817351598173516,0.4360730593607306,0.49665924276169265,0.49665924276169265,0.49665924276169265,0.6720554272517321,0.4922048997772829,0.5091324200913242,0.4817351598173516,0.4817351598173516,0.5091324200913242,0.5091324200913242,0.9284064665127021,0.49665924276169265,0.49665924276169265,0.4922048997772829,0.5091324200913242,0.4817351598173516,0.4817351598173516,0.9722863741339491,0.19206349206349208,0.0,0.9284064665127021,1.0,1.0,0.9722863741339491,0.9284064665127021,0.9954022988505747,1.0,1.0,1.0,0.9722863741339491,0.9707207207207207,1.0,0.8458333333333333,0.8361344537815126,0.8151260504201681,0.822680412371134,0.8613445378151261,0.8361344537815126,0.8151260504201681,0.8577405857740585,0.2814814814814815,0.2814814814814815,0.2814814814814815,0.29394387001477107,0.2948148148148148,0.2814814814814815,0.2814814814814815,0.28928046989721,0.28928046989721,0.29394387001477107,0.2797101449275362,0.29394387001477107,0.29394387001477107
C8p_QI29,0.7159353348729792,0.5091324200913242,0.4817351598173516,0.4817351598173516,0.4817351598173516,0.4360730593607306,0.6720554272517321,0.5068181818181818,0.5091324200913242,0.4817351598173516,0.4360730593607306,0.6891891891891891,0.49665924276169265,0.49665924276169265,0.4922048997772829,0.5091324200913242,0.5091324200913242,0.6720554272517321,0.4817351598173516,0.4360730593607306,0.49665924276169265,0.49665924276169265,0.49665924276169265,0.6720554272517321,0.4922048997772829,0.5091324200913242,0.4817351598173516,0.4817351598173516,0.5091324200913242,0.5091324200913242,0.9284064665127021,0.49665924276169265,0.49665924276169265,0.4922048997772829,0.5091324200913242,0.4817351598173516,0.4817351598173516,0.9722863741339491,0.19206349206349208,0.0,0.9284064665127021,1.0,1.0,0.9722863741339491,0.9284064665127021,0.9954022988505747,1.0,1.0,1.0,0.9722863741339491,0.9707207207207207,1.0,0.8458333333333333,0.8361344537815126,0.8151260504201681,0.822680412371134,0.8613445378151261,0.8361344537815126,0.8151260504201681,0.8577405857740585,0.2814814814814815,0.2814814814814815,0.2814814814814815,0.29394387001477107,0.2948148148148148,0.2814814814814815,0.2814814814814815,0.28928046989721,0.28928046989721,0.29394387001477107,0.2797101449275362,0.29394387001477107,0.29394387001477107
C8p_QI30,0.7159353348729792,0.5091324200913242,0.4817351598173516,0.4817351598173516,0.4817351598173516,0.4360730593607306,0.6720554272517321,0.5068181818181818,0.5091324200913242,0.4817351598173516,0.4360730593607306,0.6891891891891891,0.49665924276169265,0.49665924276169265,0.4922048997772829,0.5091324200913242,0.5091324200913242,0.6720554272517321,0.4817351598173516,0.4360730593607306,0.49665924276169265,0.49665924276169265,0.49665924276169265,0.6720554272517321,0.4922048997772829,0.5091324200913242,0.4817351598173516,0.4817351598173516,0.5091324200913242,0.5091324200913242,0.9284064665127021,0.49665924276169265,0.49665924276169265,0.4922048997772829,0.5091324200913242,0.4817351598173516,0.4817351598173516,0.9722863741339491,0.19206349206349208,0.0,0.9284064665127021,1.0,1.0,0.9722863741339491,0.9284064665127021,0.9954022988505747,1.0,1.0,1.0,0.9722863741339491,0.9707207207207207,1.0,0.8458333333333333,0.8361344537815126,0.8151260504201681,0.822680412371134,0.8613445378151261,0.8361344537815126,0.8151260504201681,0.8577405857740585,0.2814814814814815,0.2814814814814815,0.2814814814814815,0.29394387001477107,0.2948148148148148,0.2814814814814815,0.2814814814814815,0.28928046989721,0.28928046989721,0.29394387001477107,0.2797101449275362,0.29394387001477107,0.29394387001477107
C8p_QI31,0.7363420427553444,0.4817351598173516,0.4953051643192488,0.4953051643192488,0.4953051643192488,0.44835680751173707,0.6912114014251781,0.47954545454545455,0.4817351598173516,0.4953051643192488,0.44835680751173707,0.6621621621621622,0.46993318485523383,0.46993318485523383,0.46547884187082406,0.4817351598173516,0.4817351598173516,0.6912114014251781,0.4953051643192488,0.44835680751173707,0.46993318485523383,0.46993318485523383,0.46993318485523383,0.6912114014251781,0.46547884187082406,0.4817351598173516,0.4953051643192488,0.4953051643192488,0.4817351598173516,0.4817351598173516,0.9548693586698337,0.46993318485523383,0.46993318485523383,0.46547884187082406,0.4817351598173516,0.4953051643192488,0.4953051643192488,1.0,0.19193548387096773,0.0,0.9548693586698337,0.9722863741339491,0.9722863741339491,1.0,0.9548693586698337,0.967816091954023,0.9722863741339491,0.9722863741339491,0.9722863741339491,1.0,0.9436936936936937,0.9722863741339491,0.8208333333333333,0.8577586206896551,0.8362068965517241,0.797938144329897,0.8361344537815126,0.8577586206896551,0.8362068965517241,0.8326359832635983,0.2807807807807808,0.2807807807807808,0.2807807807807808,0.276218611521418,0.277037037037037,0.2807807807807808,0.2807807807807808,0.27165932452276065,0.27165932452276065,0.276218611521418,0.26231884057971017,0.276218611521418,0.276218611521418
C8p_QI33,0.6936936936936937,0.4922048997772829,0.46547884187082406,0.46547884187082406,0.46547884187082406,0.4272930648769575,0.6583710407239819,0.49665924276169265,0.4922048997772829,0.46547884187082406,0.4272930648769575,0.7171945701357466,0.5167037861915368,0.5167037861915368,0.5190156599552572,0.4922048997772829,0.4922048997772829,0.6583710407239819,0.46547884187082406,0.4272930648769575,0.5167037861915368,0.5167037861915368,0.5167037861915368,0.6583710407239819,0.5190156599552572,0.4922048997772829,0.46547884187082406,0.46547884187082406,0.4922048997772829,0.4922048997772829,0.9095022624434389,0.5167037861915368,0.5167037861915368,0.5190156599552572,0.4922048997772829,0.46547884187082406,0.46547884187082406,0.9436936936936937,0.19309262166405022,0.0,0.9095022624434389,0.9707207207207207,0.9707207207207207,0.9436936936936937,0.9095022624434389,0.9752252252252253,0.9707207207207207,0.9707207207207207,0.9707207207207207,0.9436936936936937,1.0,0.9707207207207207,0.837782340862423,0.8206185567010309,0.8,0.8412371134020619,0.845360824742268,0.8206185567010309,0.8,0.8494845360824742,0.2834067547723935,0.2834067547723935,0.2834067547723935,0.29955947136563876,0.2966226138032305,0.2834067547723935,0.2834067547723935,0.302496328928047,0.302496328928047,0.29955947136563876,0.28901734104046245,0.29955947136563876,0.29955947136563876
C8p_QI35,0.7159353348729792,0.5091324200913242,0.4817351598173516,0.4817351598173516,0.4817351598173516,0.4360730593607306,0.6720554272517321,0.5068181818181818,0.5091324200913242,0.4817351598173516,0.4360730593607306,0.6891891891891891,0.49665924276169265,0.49665924276169265,0.4922048997772829,0.5091324200913242,0.5091324200913242,0.6720554272517321,0.4817351598173516,0.4360730593607306,0.49665924276169265,0.49665924276169265,0.49665924276169265,0.6720554272517321,0.4922048997772829,0.5091324200913242,0.4817351598173516,0.4817351598173516,0.5091324200913242,0.5091324200913242,0.9284064665127021,0.49665924276169265,0.49665924276169265,0.4922048997772829,0.5091324200913242,0.4817351598173516,0.4817351598173516,0.9722863741339491,0.19206349206349208,0.0,0.9284064665127021,1.0,1.0,0.9722863741339491,0.9284064665127021,0.9954022988505747,1.0,1.0,1.0,0.9722863741339491,0.9707207207207207,1.0,0.8458333333333333,0.8361344537815126,0.8151260504201681,0.822680412371134,0.8613445378151261,0.8361344537815126,0.8151260504201681,0.8577405857740585,0.2814814814814815,0.2814814814814815,0.2814814814814815,0.29394387001477107,0.2948148148148148,0.2814814814814815,0.2814814814814815,0.28928046989721,0.28928046989721,0.29394387001477107,0.2797101449275362,0.29394387001477107,0.29394387001477107
C8p_QI36,0.609704641350211,0.40702479338842973,0.3822314049586777,0.3822314049586777,0.3822314049586777,0.3409090909090909,0.569620253164557,0.41115702479338845,0.40702479338842973,0.3822314049586777,0.3409090909090909,0.6142557651991615,0.4093686354378819,0.4093686354378819,0.40529531568228105,0.40702479338842973,0.40702479338842973,0.569620253164557,0.3822314049586777,0.3409090909090909,0.4093686354378819,0.4093686354378819,0.4093686354378819,0.569620253164557,0.40529531568228105,0.40702479338842973,0.3822314049586777,0.3822314049586777,0.40702479338842973,0.40702479338842973,0.78125,0.4093686354378819,0.4093686354378819,0.40529531568228105,0.40702479338842973,0.3822314049586777,0.3822314049586777,0.8208333333333333,0.19534883720930232,0.0,0.78125,0.8458333333333333,0.8458333333333333,0.8208333333333333,0.78125,0.85,0.8458333333333333,0.8458333333333333,0.8458333333333333,0.8208333333333333,0.837782340862423,0.8458333333333333,1.0,0.9562363238512035,0.9343544857768052,0.9652173913043478,0.9824945295404814,0.9562363238512035,0.9343544857768052,0.986870897155361,0.28075253256150506,0.28075253256150506,0.28075253256150506,0.29667149059334297,0.2937771345875543,0.28075253256150506,0.28075253256150506,0.29394812680115273,0.29394812680115273,0.29667149059334297,0.2863247863247863,0.29667149059334297,0.29667149059334297
C8p_QI37,0.6397379912663755,0.39375,0.40384615384615385,0.40384615384615385,0.40384615384615385,0.3611111111111111,0.5982532751091703,0.3921161825726141,0.39375,0.40384615384615385,0.3611111111111111,0.5824634655532359,0.39059304703476483,0.39059304703476483,0.38650306748466257,0.39375,0.39375,0.5982532751091703,0.40384615384615385,0.3611111111111111,0.39059304703476483,0.39059304703476483,0.39059304703476483,0.5982532751091703,0.38650306748466257,0.39375,0.40384615384615385,0.40384615384615385,0.39375,0.39375,0.8168103448275862,0.39059304703476483,0.39059304703476483,0.38650306748466257,0.39375,0.40384615384615385,0.40384615384615385,0.8577586206896551,0.20094936708860758,0.0,0.8168103448275862,0.8361344537815126,0.8361344537815126,0.8577586206896551,0.8168103448275862,0.8326359832635983,0.8361344537815126,0.8361344537815126,0.8361344537815126,0.8577586206896551,0.8206185567010309,0.8361344537815126,0.9562363238512035,1.0,0.9773242630385488,0.9307359307359307,0.9735099337748344,1.0,0.9773242630385488,0.9692307692307692,0.28761061946902655,0.28761061946902655,0.28761061946902655,0.2830188679245283,0.2838427947598253,0.28761061946902655,0.28761061946902655,0.2784992784992785,0.2784992784992785,0.2830188679245283,0.2710413694721826,0.2830188679245283,0.2830188679245283
C8p_QI38,0.6179039301310044,0.3729166666666667,0.38247863247863245,0.38247863247863245,0.38247863247863245,0.36899563318777295,0.6116071428571429,0.37136929460580914,0.3729166666666667,0.38247863247863245,0.36899563318777295,0.5615866388308977,0.37014314928425357,0.37014314928425357,0.3660531697341513,0.3729166666666667,0.3729166666666667,0.6116071428571429,0.38247863247863245,0.36899563318777295,0.37014314928425357,0.37014314928425357,0.37014314928425357,0.6116071428571429,0.3660531697341513,0.3729166666666667,0.38247863247863245,0.38247863247863245,0.3729166666666667,0.3729166666666667,0.8348017621145375,0.37014314928425357,0.37014314928425357,0.3660531697341513,0.3729166666666667,0.38247863247863245,0.38247863247863245,0.8362068965517241,0.185126582278481,0.0,0.8348017621145375,0.8151260504201681,0.8151260504201681,0.8362068965517241,0.8348017621145375,0.8117154811715481,0.8151260504201681,0.8151260504201681,0.8151260504201681,0.8362068965517241,0.8,0.8151260504201681,0.9343544857768052,0.9773242630385488,1.0,0.9090909090909091,0.9514348785871964,0.9773242630385488,1.0,0.9472527472527472,0.2728613569321534,0.2728613569321534,0.2728613569321534,0.26850507982583455,0.2692867540029112,0.2728613569321534,0.2728613569321534,0.26406926406926406,0.26406926406926406,0.26850507982583455,0.25677603423680456,0.26850507982583455,0.26850507982583455
C8p_QI39,0.5887265135699373,0.3885480572597137,0.36400817995910023,0.36400817995910023,0.36400817995910023,0.3231083844580777,0.5490605427974948,0.39263803680981596,0.3885480572597137,0.36400817995910023,0.3231083844580777,0.6410256410256411,0.4110429447852761,0.4110429447852761,0.4069529652351738,0.3885480572597137,0.3885480572597137,0.5490605427974948,0.36400817995910023,0.3231083844580777,0.4110429447852761,0.4110429447852761,0.4110429447852761,0.5490605427974948,0.4069529652351738,0.3885480572597137,0.36400817995910023,0.36400817995910023,0.3885480572597137,0.3885480572597137,0.7587628865979381,0.4110429447852761,0.4110429447852761,0.4069529652351738,0.3885480572597137,0.36400817995910023,0.36400817995910023,0.797938144329897,0.19409937888198758,0.0,0.7587628865979381,0.822680412371134,0.822680412371134,0.797938144329897,0.7587628865979381,0.8268041237113402,0.822680412371134,0.822680412371134,0.822680412371134,0.797938144329897,0.8412371134020619,0.822680412371134,0.9652173913043478,0.9307359307359307,0.9090909090909091,1.0,0.9567099567099567,0.9307359307359307,0.9090909090909091,0.961038961038961,0.2741702741702742,0.2741702741702742,0.2741702741702742,0.29004329004329005,0.28715728715728717,0.2741702741702742,0.2741702741702742,0.2985507246376812,0.2985507246376812,0.29004329004329005,0.28714285714285714,0.29004329004329005,0.29004329004329005
C8p_QI40,0.6234042553191489,0.41875,0.39375,0.39375,0.39375,0.35208333333333336,0.5829787234042553,0.4170124481327801,0.41875,0.39375,0.35208333333333336,0.6075156576200418,0.41513292433537835,0.41513292433537835,0.4110429447852761,0.41875,0.41875,0.5829787234042553,0.39375,0.35208333333333336,0.41513292433537835,0.41513292433537835,0.41513292433537835,0.5829787234042553,0.4110429447852761,0.41875,0.39375,0.39375,0.41875,0.41875,0.7962184873949579,0.41513292433537835,0.41513292433537835,0.4110429447852761,0.41875,0.39375,0.39375,0.8361344537815126,0.20093457943925233,0.0,0.7962184873949579,0.8613445378151261,0.8613445378151261,0.8361344537815126,0.7962184873949579,0.8577405857740585,0.8613445378151261,0.8613445378151261,0.8613445378151261,0.8361344537815126,0.845360824742268,0.8613445378151261,0.9824945295404814,0.9735099337748344,0.9514348785871964,0.9567099567099567,1.0,0.9735099337748344,0.9514348785871964,0.9956043956043956,0.28820960698689957,0.28820960698689957,0.28820960698689957,0.30043541364296084,0.30131004366812225,0.28820960698689957,0.28820960698689957,0.2958152958152958,0.2958152958152958,0.30043541364296084,0.28815977175463625,0.30043541364296084,0.30043541364296084
C8p_QI41,0.6397379912663755,0.39375,0.40384615384615385,0.40384615384615385,0.40384615384615385,0.3611111111111111,0.5982532751091703,0.3921161825726141,0.39375,0.40384615384615385,0.3611111111111111,0.5824634655532359,0.39059304703476483,0.39059304703476483,0.38650306748466257,0.39375,0.39375,0.5982532751091703,0.40384615384615385,0.3611111111111111,0.39059304703476483,0.39059304703476483,0.39059304703476483,0.5982532751091703,0.38650306748466257,0.39375,0.40384615384615385,0.40384615384615385,0.39375,0.39375,0.8168103448275862,0.39059304703476483,0.39059304703476483,0.38650306748466257,0.39375,0.40384615384615385,0.40384615384615385,0.8577586206896551,0.20094936708860758,0.0,0.8168103448275862,0.8361344537815126,0.8361344537815126,0.8577586206896551,0.8168103448275862,0.8326359832635983,0.8361344537815126,0.8361344537815126,0.8361344537815126,0.8577586206896551,0.8206185567010309,0.8361344537815126,0.9562363238512035,1.0,0.9773242630385488,0.9307359307359307,0.9735099337748344,1.0,0.9773242630385488,0.9692307692307692,0.28761061946902655,0.28761061946902655,0.28761061946902655,0.2830188679245283,0.2838427947598253,0.28761061946902655,0.28761061946902655,0.2784992784992785,0.2784992784992785,0.2830188679245283,0.2710413694721826,0.2830188679245283,0.2830188679245283
C8p_QI42,0.6179039301310044,0.3729166666666667,0.38247863247863245,0.38247863247863245,0.38247863247863245,0.36899563318777295,0.6116071428571429,0.37136929460580914,0.3729166666666667,0.38247863247863245,0.36899563318777295,0.5615866388308977,0.37014314928425357,0.37014314928425357,0.3660531697341513,0.3729166666666667,0.3729166666666667,0.6116071428571429,0.38247863247863245,0.36899563318777295,0.37014314928425357,0.37014314928425357,0.37014314928425357,0.6116071428571429,0.3660531697341513,0.3729166666666667,0.38247863247863245,0.38247863247863245,0.3729166666666667,0.3729166666666667,0.8348017621145375,0.37014314928425357,0.37014314928425357,0.3660531697341513,0.3729166666666667,0.38247863247863245,0.38247863247863245,0.8362068965517241,0.185126582278481,0.0,0.8348017621145375,0.8151260504201681,0.8151260504201681,0.8362068965517241,0.8348017621145375,0.8117154811715481,0.8151260504201681,0.8151260504201681,0.8151260504201681,0.8362068965517241,0.8,0.8151260504201681,0.9343544857768052,0.9773242630385488,1.0,0.9090909090909091,0.9514348785871964,0.9773242630385488,1.0,0.9472527472527472,0.2728613569321534,0.2728613569321534,0.2728613569321534,0.26850507982583455,0.2692867540029112,0.2728613569321534,0.2728613569321534,0.26406926406926406,0.26406926406926406,0.26850507982583455,0.25677603423680456,0.26850507982583455,0.26850507982583455
C8p_QI43,0.6207627118644068,0.4170124481327801,0.3921161825726141,0.3921161825726141,0.3921161825726141,0.3506224066390041,0.5805084745762712,0.4211618257261411,0.4170124481327801,0.3921161825726141,0.3506224066390041,0.6116910229645094,0.41922290388548056,0.41922290388548056,0.41513292433537835,0.4170124481327801,0.4170124481327801,0.5805084745762712,0.3921161825726141,0.3506224066390041,0.41922290388548056,0.41922290388548056,0.41922290388548056,0.5805084745762712,0.41513292433537835,0.4170124481327801,0.3921161825726141,0.3921161825726141,0.4170124481327801,0.4170124481327801,0.7928870292887029,0.41922290388548056,0.41922290388548056,0.41513292433537835,0.4170124481327801,0.3921161825726141,0.3921161825726141,0.8326359832635983,0.20031055900621117,0.0,0.7928870292887029,0.8577405857740585,0.8577405857740585,0.8326359832635983,0.7928870292887029,0.8619246861924686,0.8577405857740585,0.8577405857740585,0.8577405857740585,0.8326359832635983,0.8494845360824742,0.8577405857740585,0.986870897155361,0.9692307692307692,0.9472527472527472,0.961038961038961,0.9956043956043956,0.9692307692307692,0.9472527472527472,1.0,0.28737300435413643,0.28737300435413643,0.28737300435413643,0.3033381712626996,0.30043541364296084,0.28737300435413643,0.28737300435413643,0.2987012987012987,0.2987012987012987,0.3033381712626996,0.29101283880171186,0.3033381712626996,0.3033381712626996
C8p_QI63,0.2619047619047619,0.30177514792899407,0.30120481927710846,0.30120481927710846,0.30120481927710846,0.26104417670682734,0.22959183673469388,0.3005893909626719,0.30177514792899407,0.30120481927710846,0.26104417670682734,0.24212271973466004,0.3079922027290448,0.3079922027290448,0.30409356725146197,0.30177514792899407,0.30177514792899407,0.22959183673469388,0.30120481927710846,0.26104417670682734,0.3079922027290448,0.3079922027290448,0.3079922027290448,0.22959183673469388,0.30409356725146197,0.30177514792899407,0.30120481927710846,0.30120481927710846,0.30177514792899407,0.30177514792899407,0.25225225225225223,0.3079922027290448,0.3079922027290448,0.30409356725146197,0.30177514792899407,0.30120481927710846,0.30120481927710846,0.2807807807807808,0.7361111111111112,0.0,0.25225225225225223,0.2814814814814815,0.2814814814814815,0.2807807807807808,0.25225225225225223,0.28064992614475626,0.2814814814814815,0.2814814814814815,0.2814814814814815,0.2807807807807808,0.2834067547723935,0.2814814814814815,0.28075253256150506,0.28761061946902655,0.2728613569321534,0.2741702741702742,0.28820960698689957,0.28761061946902655,0.2728613569321534,0.28737300435413643,1.0,1.0,1.0,0.9751693002257337,0.9795918367346939,1.0,1.0,0.9575892857142857,0.9575892857142857,0.9751693002257337,0.9299781181619255,0.9751693002257337,0.9751693002257337
C8p_QI64,0.2619047619047619,0.30177514792899407,0.30120481927710846,0.30120481927710846,0.30120481927710846,0.26104417670682734,0.22959183673469388,0.3005893909626719,0.30177514792899407,0.30120481927710846,0.26104417670682734,0.24212271973466004,0.3079922027290448,0.3079922027290448,0.30409356725146197,0.30177514792899407,0.30177514792899407,0.22959183673469388,0.30120481927710846,0.26104417670682734,0.3079922027290448,0.3079922027290448,0.3079922027290448,0.22959183673469388,0.30409356725146197,0.30177514792899407,0.30120481927710846,0.30120481927710846,0.30177514792899407,0.30177514792899407,0.25225225225225223,0.3079922027290448,0.3079922027290448,0.30409356725146197,0.30177514792899407,0.30120481927710846,0.30120481927710846,0.2807807807807808,0.7361111111111112,0.0,0.25225225225225223,0.2814814814814815,0.2814814814814815,0.2807807807807808,0.25225225225225223,0.28064992614475626,0.2814814814814815,0.2814814814814815,0.2814814814814815,0.2807807807807808,0.2834067547723935,0.2814814814814815,0.28075253256150506,0.28761061946902655,0.2728613569321534,0.2741702741702742,0.28820960698689957,0.28761061946902655,0.2728613569321534,0.28737300435413643,1.0,1.0,1.0,0.9751693002257337,0.9795918367346939,1.0,1.0,0.9575892857142857,0.9575892857142857,0.9751693002257337,0.9299781181619255,0.9751693002257337,0.9751693002257337
C8p_QI66,0.2619047619047619,0.30177514792899407,0.30120481927710846,0.30120481927710846,0.30120481927710846,0.26104417670682734,0.22959183673469388,0.3005893909626719,0.30177514792899407,0.30120481927710846,0.26104417670682734,0.24212271973466004,0.3079922027290448,0.3079922027290448,0.30409356725146197,0.30177514792899407,0.30177514792899407,0.22959183673469388,0.30120481927710846,0.26104417670682734,0.3079922027290448,0.3079922027290448,0.3079922027290448,0.22959183673469388,0.30409356725146197,0.30177514792899407,0.30120481927710846,0.30120481927710846,0.30177514792899407,0.30177514792899407,0.25225225225225223,0.3079922027290448,0.3079922027290448,0.30409356725146197,0.30177514792899407,0.30120481927710846,0.30120481927710846,0.2807807807807808,0.7361111111111112,0.0,0.25225225225225223,0.2814814814814815,0.2814814814814815,0.2807807807807808,0.25225225225225223,0.28064992614475626,0.2814814814814815,0.2814814814814815,0.2814814814814815,0.2807807807807808,0.2834067547723935,0.2814814814814815,0.28075253256150506,0.28761061946902655,0.2728613569321534,0.2741702741702742,0.28820960698689957,0.28761061946902655,0.2728613569321534,0.28737300435413643,1.0,1.0,1.0,0.9751693002257337,0.9795918367346939,1.0,1.0,0.9575892857142857,0.9575892857142857,0.9751693002257337,0.9299781181619255,0.9751693002257337,0.9751693002257337
C8p_QI68,0.2570951585976628,0.3182711198428291,0.29469548133595286,0.29469548133595286,0.29469548133595286,0.2554027504911591,0.22537562604340566,0.32220039292730845,0.3182711198428291,0.29469548133595286,0.2554027504911591,0.2603648424543947,0.32943469785575047,0.32943469785575047,0.3255360623781676,0.3182711198428291,0.3182711198428291,0.22537562604340566,0.29469548133595286,0.2554027504911591,0.32943469785575047,0.32943469785575047,0.32943469785575047,0.22537562604340566,0.3255360623781676,0.3182711198428291,0.29469548133595286,0.29469548133595286,0.3182711198428291,0.3182711198428291,0.2481536189069424,0.32943469785575047,0.32943469785575047,0.3255360623781676,0.3182711198428291,0.29469548133595286,0.29469548133595286,0.276218611521418,0.7178329571106095,0.0,0.2481536189069424,0.29394387001477107,0.29394387001477107,0.276218611521418,0.2481536189069424,0.2968980797636632,0.29394387001477107,0.29394387001477107,0.29394387001477107,0.276218611521418,0.29955947136563876,0.29394387001477107,0.29667149059334297,0.2830188679245283,0.26850507982583455,0.29004329004329005,0.30043541364296084,0.2830188679245283,0.26850507982583455,0.3033381712626996,0.9751693002257337,0.9751693002257337,0.9751693002257337,1.0,0.9954853273137697,0.9751693002257337,0.9751693002257337,0.9821428571428571,0.9821428571428571,1.0,0.9540481400437637,1.0,1.0
C8p_QI70,0.25795644891122277,0.31952662721893493,0.2958579881656805,0.2958579881656805,0.2958579881656805,0.2564102564102564,0.22613065326633167,0.3182711198428291,0.31952662721893493,0.2958579881656805,0.2564102564102564,0.2570480928689884,0.3255360623781676,0.3255360623781676,0.3216374269005848,0.31952662721893493,0.31952662721893493,0.22613065326633167,0.2958579881656805,0.2564102564102564,0.3255360623781676,0.3255360623781676,0.3255360623781676,0.22613065326633167,0.3216374269005848,0.31952662721893493,0.2958579881656805,0.2958579881656805,0.31952662721893493,0.31952662721893493,0.24888888888888888,0.3255360623781676,0.3255360623781676,0.3216374269005848,0.31952662721893493,0.2958579881656805,0.2958579881656805,0.277037037037037,0.7210884353741497,0.0,0.24888888888888888,0.2948148148148148,0.2948148148148148,0.277037037037037,0.24888888888888888,0.29394387001477107,0.2948148148148148,0.2948148148148148,0.2948148148148148,0.277037037037037,0.2966226138032305,0.2948148148148148,0.2937771345875543,0.2838427947598253,0.2692867540029112,0.28715728715728717,0.30131004366812225,0.2838427947598253,0.2692867540029112,0.30043541364296084,0.9795918367346939,0.9795918367346939,0.9795918367346939,0.9954853273137697,1.0,0.9795918367346939,0.9795918367346939,0.9776785714285714,0.9776785714285714,0.9954853273137697,0.949671772428884,0.9954853273137697,0.9954853273137697
C8p_QI72,0.2619047619047619,0.30177514792899407,0.30120481927710846,0.30120481927710846,0.30120481927710846,0.26104417670682734,0.22959183673469388,0.3005893909626719,0.30177514792899407,0.30120481927710846,0.26104417670682734,0.24212271973466004,0.3079922027290448,0.3079922027290448,0.30409356725146197,0.30177514792899407,0.30177514792899407,0.22959183673469388,0.30120481927710846,0.26104417670682734,0.3079922027290448,0.3079922027290448,0.3079922027290448,0.22959183673469388,0.30409356725146197,0.30177514792899407,0.30120481927710846,0.30120481927710846,0.30177514792899407,0.30177514792899407,0.25225225225225223,0.3079922027290448,0.3079922027290448,0.30409356725146197,0.30177514792899407,0.30120481927710846,0.30120481927710846,0.2807807807807808,0.7361111111111112,0.0,0.25225225225225223,0.2814814814814815,0.2814814814814815,0.2807807807807808,0.25225225225225223,0.28064992614475626,0.2814814814814815,0.2814814814814815,0.2814814814814815,0.2807807807807808,0.2834067547723935,0.2814814814814815,0.28075253256150506,0.28761061946902655,0.2728613569321534,0.2741702741702742,0.28820960698689957,0.28761061946902655,0.2728613569321534,0.28737300435413643,1.0,1.0,1.0,0.9751693002257337,0.9795918367346939,1.0,1.0,0.9575892857142857,0.9575892857142857,0.9751693002257337,0.9299781181619255,0.9751693002257337,0.9751693002257337
C8p_QI74,0.2619047619047619,0.30177514792899407,0.30120481927710846,0.30120481927710846,0.30120481927710846,0.26104417670682734,0.22959183673469388,0.3005893909626719,0.30177514792899407,0.30120481927710846,0.26104417670682734,0.24212271973466004,0.3079922027290448,0.3079922027290448,0.30409356725146197,0.30177514792899407,0.30177514792899407,0.22959183673469388,0.30120481927710846,0.26104417670682734,0.3079922027290448,0.3079922027290448,0.3079922027290448,0.22959183673469388,0.30409356725146197,0.30177514792899407,0.30120481927710846,0.30120481927710846,0.30177514792899407,0.30177514792899407,0.25225225225225223,0.3079922027290448,0.3079922027290448,0.30409356725146197,0.30177514792899407,0.30120481927710846,0.30120481927710846,0.2807807807807808,0.7361111111111112,0.0,0.25225225225225223,0.2814814814814815,0.2814814814814815,0.2807807807807808,0.25225225225225223,0.28064992614475626,0.2814814814814815,0.2814814814814815,0.2814814814814815,0.2807807807807808,0.2834067547723935,0.2814814814814815,0.28075253256150506,0.28761061946902655,0.2728613569321534,0.2741702741702742,0.28820960698689957,0.28761061946902655,0.2728613569321534,0.28737300435413643,1.0,1.0,1.0,0.9751693002257337,0.9795918367346939,1.0,1.0,0.9575892857142857,0.9575892857142857,0.9751693002257337,0.9299781181619255,0.9751693002257337,0.9751693002257337
C8p_QI76,0.25207296849087896,0.31189083820662766,0.2884990253411306,0.2884990253411306,0.2884990253411306,0.24951267056530213,0.22056384742951907,0.3157894736842105,0.31189083820662766,0.2884990253411306,0.24951267056530213,0.27,0.3333333333333333,0.3333333333333333,0.32943469785575047,0.31189083820662766,0.31189083820662766,0.22056384742951907,0.2884990253411306,0.24951267056530213,0.3333333333333333,0.3333333333333333,0.3333333333333333,0.22056384742951907,0.32943469785575047,0.31189083820662766,0.2884990253411306,0.2884990253411306,0.31189083820662766,0.31189083820662766,0.24375917767988253,0.3333333333333333,0.3333333333333333,0.32943469785575047,0.31189083820662766,0.2884990253411306,0.2884990253411306,0.27165932452276065,0.7146067415730337,0.0,0.24375917767988253,0.28928046989721,0.28928046989721,0.27165932452276065,0.24375917767988253,0.2922173274596182,0.28928046989721,0.28928046989721,0.28928046989721,0.27165932452276065,0.302496328928047,0.28928046989721,0.29394812680115273,0.2784992784992785,0.26406926406926406,0.2985507246376812,0.2958152958152958,0.2784992784992785,0.26406926406926406,0.2987012987012987,0.9575892857142857,0.9575892857142857,0.9575892857142857,0.9821428571428571,0.9776785714285714,0.9575892857142857,0.9575892857142857,1.0,1.0,0.9821428571428571,0.9584245076586433,0.9821428571428571,0.9821428571428571
C8p_QI78,0.25207296849087896,0.31189083820662766,0.2884990253411306,0.2884990253411306,0.2884990253411306,0.24951267056530213,0.22056384742951907,0.3157894736842105,0.31189083820662766,0.2884990253411306,0.24951267056530213,0.27,0.3333333333333333,0.3333333333333333,0.32943469785575047,0.31189083820662766,0.31189083820662766,0.22056384742951907,0.2884990253411306,0.24951267056530213,0.3333333333333333,0.3333333333333333,0.3333333333333333,0.22056384742951907,0.32943469785575047,0.31189083820662766,0.2884990253411306,0.2884990253411306,0.31189083820662766,0.31189083820662766,0.24375917767988253,0.3333333333333333,0.3333333333333333,0.32943469785575047,0.31189083820662766,0.2884990253411306,0.2884990253411306,0.27165932452276065,0.7146067415730337,0.0,0.24375917767988253,0.28928046989721,0.28928046989721,0.27165932452276065,0.24375917767988253,0.2922173274596182,0.28928046989721,0.28928046989721,0.28928046989721,0.27165932452276065,0.302496328928047,0.28928046989721,0.29394812680115273,0.2784992784992785,0.26406926406926406,0.2985507246376812,0.2958152958152958,0.2784992784992785,0.26406926406926406,0.2987012987012987,0.9575892857142857,0.9575892857142857,0.9575892857142857,0.9821428571428571,0.9776785714285714,0.9575892857142857,0.9575892857142857,1.0,1.0,0.9821428571428571,0.9584245076586433,0.9821428571428571,0.9821428571428571
C8p_QI80,0.2570951585976628,0.3182711198428291,0.29469548133595286,0.29469548133595286,0.29469548133595286,0.2554027504911591,0.22537562604340566,0.32220039292730845,0.3182711198428291,0.29469548133595286,0.2554027504911591,0.2603648424543947,0.32943469785575047,0.32943469785575047,0.3255360623781676,0.3182711198428291,0.3182711198428291,0.22537562604340566,0.29469548133595286,0.2554027504911591,0.32943469785575047,0.32943469785575047,0.32943469785575047,0.22537562604340566,0.3255360623781676,0.3182711198428291,0.29469548133595286,0.29469548133595286,0.3182711198428291,0.3182711198428291,0.2481536189069424,0.32943469785575047,0.32943469785575047,0.3255360623781676,0.3182711198428291,0.29469548133595286,0.29469548133595286,0.276218611521418,0.7178329571106095,0.0,0.2481536189069424,0.29394387001477107,0.29394387001477107,0.276218611521418,0.2481536189069424,0.2968980797636632,0.29394387001477107,0.29394387001477107,0.29394387001477107,0.276218611521418,0.29955947136563876,0.29394387001477107,0.29667149059334297,0.2830188679245283,0.26850507982583455,0.29004329004329005,0.30043541364296084,0.2830188679245283,0.26850507982583455,0.3033381712626996,0.9751693002257337,0.9751693002257337,0.9751693002257337,1.0,0.9954853273137697,0.9751693002257337,0.9751693002257337,0.9821428571428571,0.9821428571428571,1.0,0.9540481400437637,1.0,1.0
C8p_QI82,0.24183006535947713,0.29636711281070743,0.2734225621414914,0.2734225621414914,0.2734225621414914,0.23518164435946462,0.2107843137254902,0.30019120458891013,0.29636711281070743,0.2734225621414914,0.23518164435946462,0.2553191489361702,0.31238095238095237,0.31238095238095237,0.30857142857142855,0.29636711281070743,0.29636711281070743,0.2107843137254902,0.2734225621414914,0.23518164435946462,0.31238095238095237,0.31238095238095237,0.31238095238095237,0.2107843137254902,0.30857142857142855,0.29636711281070743,0.2734225621414914,0.2734225621414914,0.29636711281070743,0.29636711281070743,0.23478260869565218,0.31238095238095237,0.31238095238095237,0.30857142857142855,0.29636711281070743,0.2734225621414914,0.2734225621414914,0.26231884057971017,0.7066666666666667,0.0,0.23478260869565218,0.2797101449275362,0.2797101449275362,0.26231884057971017,0.23478260869565218,0.2826086956521739,0.2797101449275362,0.2797101449275362,0.2797101449275362,0.26231884057971017,0.28901734104046245,0.2797101449275362,0.2863247863247863,0.2710413694721826,0.25677603423680456,0.28714285714285714,0.28815977175463625,0.2710413694721826,0.25677603423680456,0.29101283880171186,0.9299781181619255,0.9299781181619255,0.9299781181619255,0.9540481400437637,0.949671772428884,0.9299781181619255,0.9299781181619255,0.9584245076586433,0.9584245076586433,0.9540481400437637,1.0,0.9540481400437637,0.9540481400437637
C8p_QI84,0.2570951585976628,0.3182711198428291,0.29469548133595286,0.29469548133595286,0.29469548133595286,0.2554027504911591,0.22537562604340566,0.32220039292730845,0.3182711198428291,0.29469548133595286,0.2554027504911591,0.2603648424543947,0.32943469785575047,0.32943469785575047,0.3255360623781676,0.3182711198428291,0.3182711198428291,0.22537562604340566,0.29469548133595286,0.2554027504911591,0.32943469785575047,0.32943469785575047,0.32943469785575047,0.22537562604340566,0.3255360623781676,0.3182711198428291,0.29469548133595286,0.29469548133595286,0.3182711198428291,0.3182711198428291,0.2481536189069424,0.32943469785575047,0.32943469785575047,0.3255360623781676,0.3182711198428291,0.29469548133595286,0.29469548133595286,0.276218611521418,0.7178329571106095,0.0,0.2481536189069424,0.29394387001477107,0.29394387001477107,0.276218611521418,0.2481536189069424,0.2968980797636632,0.29394387001477107,0.29394387001477107,0.29394387001477107,0.276218611521418,0.29955947136563876,0.29394387001477107,0.29667149059334297,0.2830188679245283,0.26850507982583455,0.29004329004329005,0.30043541364296084,0.2830188679245283,0.26850507982583455,0.3033381712626996,0.9751693002257337,0.9751693002257337,0.9751693002257337,1.0,0.9954853273137697,0.9751693002257337,0.9751693002257337,0.9821428571428571,0.9821428571428571,1.0,0.9540481400437637,1.0,1.0
C8p_QI86,0.2570951585976628,0.3182711198428291,0.29469548133595286,0.29469548133595286,0.29469548133595286,0.2554027504911591,0.22537562604340566,0.32220039292730845,0.3182711198428291,0.29469548133595286,0.2554027504911591,0.2603648424543947,0.32943469785575047,0.32943469785575047,0.3255360623781676,0.3182711198428291,0.3182711198428291,0.22537562604340566,0.29469548133595286,0.2554027504911591,0.32943469785575047,0.32943469785575047,0.32943469785575047,0.22537562604340566,0.3255360623781676,0.3182711198428291,0.29469548133595286,0.29469548133595286,0.3182711198428291,0.3182711198428291,0.2481536189069424,0.32943469785575047,0.32943469785575047,0.3255360623781676,0.3182711198428291,0.29469548133595286,0.29469548133595286,0.276218611521418,0.7178329571106095,0.0,0.2481536189069424,0.29394387001477107,0.29394387001477107,0.276218611521418,0.2481536189069424,0.2968980797636632,0.29394387001477107,0.29394387001477107,0.29394387001477107,0.276218611521418,0.29955947136563876,0.29394387001477107,0.29667149059334297,0.2830188679245283,0.26850507982583455,0.29004329004329005,0.30043541364296084,0.2830188679245283,0.26850507982583455,0.3033381712626996,0.9751693002257337,0.9751693002257337,0.9751693002257337,1.0,0.9954853273137697,0.9751693002257337,0.9751693002257337,0.9821428571428571,0.9821428571428571,1.0,0.9540481400437637,1.0,1.0
